celebrity_name,season,ballroom_partner,celebrity_industry,celebrity_age,is_international,weeks_survived,season_avg_score,season_score_std,season_max_score,season_min_score,final_result,placement,fan_vote_estimate,fan_vote_std,fan_vote_ci_low,fan_vote_ci_high,fan_certainty,is_finalist,avg_fan_vote,fan_vote_records,is_Actor_Actress,is_Athlete,is_TV_Personality,is_Singer_Rapper,is_Model,is_Comedian,is_Social_Media_Personality,is_Radio_Personality
Kelly Monaco,1,Alec Mazo,Actor/Actress,29,0,11.0,7.111111111111111,1.842904310130153,9.166666666666666,4.333333333333333,1st Place,1,0.10727148173534007,0.07743992279761285,0.007562712237032212,0.2507490925788737,0.9281259946294387,True,0.4287083078875077,2,1,0,0,0,0,0,0,0
John O'Hurley,1,Charlotte Jorgensen,Actor/Actress,50,0,11.0,8.055555555555555,1.020167016101158,9.0,6.666666666666667,2nd Place,2,0.24985486596032327,0.14276934957774276,0.022355343513013475,0.47204591286703923,0.8750672218934674,True,0.24985486596032327,1,1,0,0,0,0,0,0,0
Joey McIntyre,1,Ashly DelGrosso,Singer/Rapper,32,0,11.0,7.033333333333334,0.3800584750330458,7.5,6.666666666666667,3rd Place,3,,,,,,False,,0,0,0,0,1,0,0,0,0
Rachel Hunter,1,Jonathan Roberts,Model,35,1,4.0,7.916666666666667,0.8766518798921943,8.666666666666666,6.666666666666667,Eliminated Week 4,4,0.12496833833395589,0.09564940481305101,0.008511985000715356,0.31369259504961355,0.9127007194154672,False,0.12496833833395589,1,0,0,0,0,1,0,0,0
Evander Holyfield,1,Edyta Sliwinska,Athlete,42,0,3.0,5.0,0.881917103688197,6.0,4.333333333333333,Eliminated Week 3,5,0.03947637964808582,0.033090271869764924,0.0020344621769903264,0.10368343343066871,0.9679696220448618,False,0.03947637964808582,1,0,1,0,0,0,0,0,0
Trista Sutter,1,Louis van Amstel,TV Personality,32,0,2.0,6.166666666666666,0.2357022603955156,6.333333333333333,6.0,Eliminated Week 2,6,0.041604452692762896,0.0344679835053154,0.002381345282626797,0.111989664970987,0.9666804733883402,False,0.041604452692762896,1,0,0,1,0,0,0,0,0
Drew Lachey,2,Cheryl Burke,Singer/Rapper,29,0,11.0,9.145825,0.5871389472796866,10.0,8.0,1st Place,1,0.6036220562391235,0.13871463584851562,0.40771080252739167,0.8580029291263079,0.8781831448533617,True,0.30652796005414906,2,0,0,0,1,0,0,0,0
Jerry Rice,2,Anna Trebunskaya,Athlete,43,0,11.0,7.506941666666667,0.7853528790820977,8.888866666666667,6.333333333333333,2nd Place,2,0.2805303725858197,0.10301218861671121,0.09788235897405817,0.4338391017940646,0.9066082952846615,True,0.2805303725858197,1,0,1,0,0,0,0,0,0
Stacy Keibler,2,Tony Dovolani,Athlete,26,0,11.0,9.173604166666667,0.8806316002602815,10.0,7.333333333333333,3rd Place,3,0.11584757117505573,0.07880808076729658,0.010576011294566392,0.26143828489902077,0.9269489335756136,True,0.11584757117505573,1,0,1,0,0,0,0,0,0
Lisa Rinna,2,Louis van Amstel,Actor/Actress,42,0,7.0,8.023809523809524,1.0733668534645564,9.0,6.333333333333333,Eliminated Week 7,4,0.08357106053534928,0.06530294707542751,0.00670019863169418,0.2106719986935509,0.9387001160048383,False,0.08357106053534928,1,1,0,0,0,0,0,0,0
George Hamilton,2,Edyta Sliwinska,Actor/Actress,66,0,6.0,7.222222222222221,0.6885303726590963,8.0,6.0,Eliminated Week 6,5,0.04855980049291443,0.03932020816307526,0.003011638794496656,0.12304039376237005,0.962167378393834,False,0.04855980049291443,1,1,0,0,0,0,0,0,0
Tia Carrere,2,Maksim Chmerkoskiy,Actor/Actress,39,0,5.0,7.666666666666667,0.8164965809277259,8.666666666666666,6.666666666666667,Eliminated Week 5,6,0.029274255515337723,0.024066603530563332,0.0019469182214043965,0.07633804970697,0.9764989860546264,False,0.029274255515337723,1,1,0,0,0,0,0,0,0
Master P,2,Ashly DelGrosso,Singer/Rapper,35,0,4.0,4.166666666666666,1.138550085106622,5.333333333333333,2.6666666666666665,Eliminated Week 4,7,0.02123676607925432,0.01855571342341269,0.0012833583885141751,0.05751023049391429,0.9817823284687628,False,0.02123676607925432,1,0,0,0,1,0,0,0,0
Giselle Fernandez,2,Jonathan Roberts,News Anchor,44,1,3.0,7.666666666666667,0.3333333333333335,8.0,7.333333333333333,Eliminated Week 3,8,0.02059670511098004,0.018146461490684475,0.0012300700368073425,0.05806128266525161,0.9821769635538329,False,0.02059670511098004,1,0,0,0,0,0,0,0,0
Tatum O'Neal,2,Nick Kosovich,Actor/Actress,42,0,2.0,6.666666666666667,1.4142135623730951,7.666666666666667,5.666666666666667,Eliminated Week 2,9,0.014049691843178561,0.012071733437109343,0.0008620750853580286,0.038044121734661596,0.9880722551195927,False,0.014049691843178561,1,1,0,0,0,0,0,0,0
Kenny Mayne,2,Andrea Hale,Sports Broadcaster,46,0,1.0,4.333333333333333,,4.333333333333333,4.333333333333333,Eliminated Week 1,10,0.01125199748302995,0.01025208589914577,0.0006103479001006605,0.032952891440373666,0.9898519527529397,False,0.01125199748302995,1,0,0,0,0,0,0,0,0
Emmitt Smith,3,Cheryl Burke,Athlete,37,0,11.0,8.588886666666667,1.0852517487081397,9.888866666666669,6.333333333333333,1st Place,1,0.7462923133762226,0.145815531949378,0.522333923199846,0.9733734515274312,0.8727408314134983,True,0.39490174939777034,2,0,1,0,0,0,0,0,0
Mario Lopez,3,Karina Smirnoff,Actor/Actress,32,0,11.0,8.955553333333334,1.014907159921172,9.888866666666669,7.0,2nd Place,2,0.25370768662377613,0.1458155319493779,0.02662654847256881,0.477666076800154,0.8727408314134983,True,0.25370768662377613,1,1,0,0,0,0,0,0,0
Joey Lawrence,3,Edyta Sliwinska,Actor/Actress,30,0,11.0,8.62962962962963,1.023263358688548,9.833333333333334,7.0,3rd Place,3,,,,,,False,,0,1,0,0,0,0,0,0,0
Monique Coleman,3,Louis van Amstel,Actor/Actress,25,0,8.0,8.3125,0.9446486707295528,9.0,6.333333333333333,Eliminated Week 8,4,0.06439743724040099,0.04984653612338252,0.004319197982355148,0.1643274783613121,0.9525201689882754,False,0.06439743724040099,1,1,0,0,0,0,0,0,0
Jerry Springer,3,Kym Johnson,TV Personality,62,1,7.0,6.80952380952381,0.959497222838566,8.0,5.333333333333333,Eliminated Week 7,5,0.050878024929660225,0.03735233085621182,0.004621824682455134,0.12091855956260794,0.963992628401016,False,0.050878024929660225,1,0,0,1,0,0,0,0,0
Sara Evans,3,Tony Dovolani,Singer/Rapper,35,0,,7.0,1.3123346456686351,8.333333333333334,5.0,Withdrew,6,,,,,,False,,0,0,0,0,1,0,0,0,0
Willa Ford,3,Maksim Chmerkoskiy,Singer/Rapper,25,0,5.0,8.133333333333335,0.9603240193925292,9.333333333333334,7.333333333333333,Eliminated Week 5,7,0.02020343434371962,0.017376588069539588,0.0015003837113559467,0.05356082029989257,0.982920200569475,False,0.02020343434371962,1,0,0,0,1,0,0,0,0
Vivica A. Fox,3,Nick Kosovich,Actor/Actress,42,0,4.0,8.083333333333332,0.6871842709362769,9.0,7.333333333333333,Eliminated Week 4,8,0.018045146007540945,0.01508629924353494,0.0010385776702964576,0.047681724295048966,0.9851379146238328,False,0.018045146007540945,1,1,0,0,0,0,0,0,0
Harry Hamlin,3,Ashly DelGrosso,Actor/Actress,54,0,3.0,6.666666666666667,0.8819171036881965,7.333333333333333,5.666666666666667,Eliminated Week 3,9,0.014452877837840621,0.012038395232089482,0.0009393936811220257,0.038587878943640706,0.9881048038406401,False,0.014452877837840621,1,1,0,0,0,0,0,0,0
Shanna Moakler,3,Jesse DeSoto,Model,31,0,2.0,6.666666666666666,0.9428090415820632,7.333333333333333,6.0,Eliminated Week 2,10,0.011067845309255636,0.009824756393491233,0.0007856671555149244,0.03018679409781401,0.9902708303284428,False,0.011067845309255636,1,0,0,0,0,1,0,0,0
Tucker Carlson,3,Elena Grinenko,TV Personality,37,0,1.0,4.0,,4.0,4.0,Eliminated Week 1,11,0.020367896739209853,0.014541676753287651,0.0015249437569520353,0.04797467900747826,0.9856667526958346,False,0.020367896739209853,1,0,0,1,0,0,0,0,0
Apolo Anton Ohno,4,Julianne Hough,Athlete,24,0,11.0,8.961106666666666,0.9910567998073796,10.0,7.0,1st Place,1,0.6060933465675924,0.13888202302375,0.4035939111549453,0.8560836706074326,0.8780540738934346,True,0.3233003147091293,2,0,1,0,0,0,0,0,0
Joey Fatone,4,Kym Johnson,Singer/Rapper,30,0,11.0,8.922216666666667,0.7835712800542949,10.0,8.0,2nd Place,2,0.2805104221725332,0.103360673047573,0.1001830799693174,0.4412429889772033,0.9063219529457378,True,0.14386284079607306,2,0,0,0,1,0,0,0,0
Laila Ali,4,Maksim Chmerkoskiy,Athlete,29,0,11.0,8.74444,1.118858766095675,10.0,7.0,3rd Place,3,0.11339623125987368,0.0797992899342691,0.00856464387110449,0.26557346080676003,0.9260980344420058,True,0.11339623125987368,1,0,1,0,0,0,0,0,0
Ian Ziering,4,Cheryl Burke,Actor/Actress,42,0,9.0,8.092592592592592,0.8041174903405626,9.666666666666666,7.0,Eliminated Week 9,4,0.06418466988460357,0.04921784564265823,0.004483793492687364,0.16319160735180013,0.9530909182997057,False,0.06418466988460357,1,1,0,0,0,0,0,0,0
Billy Ray Cyrus,4,Karina Smirnoff,Singer/Rapper,45,0,8.0,6.333333333333334,0.9428090415820636,7.0,4.333333333333333,Eliminated Week 8,5,0.05961749515530563,0.04235155204940632,0.0049644600515647746,0.14048155294782327,0.9593692243599223,False,0.05961749515530563,1,0,0,0,1,0,0,0,0
John Ratzenberger,4,Edyta Sliwinska,Actor/Actress,59,0,7.0,6.357142857142857,0.7602909495991176,7.5,5.333333333333333,Eliminated Week 7,6,0.03401219830418128,0.027021161530018427,0.002517327155045445,0.08908617394523718,0.973689771406693,False,0.03401219830418128,1,1,0,0,0,0,0,0,0
Heather Mills,4,Jonathan Roberts,Model,39,1,6.0,7.388888888888889,0.7722022379508469,8.0,6.0,Eliminated Week 6,7,0.024339741759047472,0.01955838868020097,0.0015855218807624895,0.06134669059632644,0.9808168037286037,False,0.024339741759047472,1,0,0,0,0,1,0,0,0
Clyde Drexler,4,Elena Grinenko,Athlete,44,0,5.0,5.199999999999999,0.6055300708194984,6.0,4.333333333333333,Eliminated Week 5,8,0.03219422964995802,0.023430475950574972,0.002754540946715606,0.07630433774394926,0.9771059427082113,False,0.03219422964995802,1,0,1,0,0,0,0,0,0
Leeza Gibbons,4,Tony Dovolani,TV Personality,50,0,4.0,6.333333333333333,1.4142135623730951,8.0,5.0,Eliminated Week 4,9,0.021818007778815953,0.016541713381997922,0.0013308036446807584,0.053689557561605636,0.9837274622730786,False,0.021818007778815953,1,0,0,1,0,0,0,0,0
Shandi Finnessey,4,Brian Fortuna,Beauty Pagent,28,0,3.0,6.666666666666667,0.3333333333333335,7.0,6.333333333333333,Eliminated Week 3,10,0.011520595281476758,0.009555033809495782,0.0006691634160867469,0.03115248971368199,0.9905354007562713,False,0.011520595281476758,1,0,0,0,0,0,0,0,0
Paulina Porizkova,4,Alec Mazo,Model,41,1,2.0,6.666666666666666,0.4714045207910319,7.0,6.333333333333333,Eliminated Week 2,11,0.009981512258292642,0.008700392994906188,0.0006404946533251184,0.027415265896145565,0.9913746509317063,False,0.009981512258292642,1,0,0,0,0,1,0,0,0
Helio Castroneves,5,Julianne Hough,Racing Driver,32,1,11.0,8.88333,0.720294264361174,10.0,7.666666666666667,1st Place,1,0.6158538491094946,0.15003137204532022,0.3986085770208559,0.8920665412012034,0.8695414962650186,True,0.3122238500833989,2,0,0,0,0,0,0,0,0
Mel B,5,Maksim Chmerkoskiy,Singer/Rapper,32,1,11.0,9.077773333333331,0.7875030081541605,10.0,7.666666666666667,2nd Place,2,0.2564787806859455,0.1119731107012007,0.055047423913795884,0.4280673750376763,0.8993023215906799,True,0.2564787806859455,1,0,0,0,1,0,0,0,0
Marie Osmond,5,Jonathan Roberts,Singer/Rapper,47,0,11.0,8.083333333333332,0.7667874301023477,9.333333333333334,7.0,3rd Place,3,0.1276673702045594,0.08664148386154226,0.011106918064609412,0.2900526436420627,0.9202667253658963,True,0.1276673702045594,1,0,0,0,1,0,0,0,0
Jennie Garth,5,Derek Hough,Actor/Actress,35,0,9.0,8.425925925925926,0.901815726708218,9.666666666666666,7.0,Eliminated Week 9,4,0.06464151321776636,0.049650092945928925,0.004522313159211828,0.16049237241268557,0.9526984341928825,False,0.06464151321776636,1,1,0,0,0,0,0,0,0
Cameron Mathison,5,Edyta Sliwinska,Actor/Actress,38,1,8.0,8.083333333333334,0.7663560447348133,9.0,7.0,Eliminated Week 8,5,0.04143319022604618,0.03492073362910134,0.002554844461236116,0.1116512888901509,0.9662575765521224,False,0.04143319022604618,1,1,0,0,0,0,0,0,0
Jane Seymour,5,Tony Dovolani,Actor/Actress,56,1,7.0,8.142857142857142,0.7417981870189156,9.0,7.0,Eliminated Week 7,6,0.02992620479660513,0.02416056478749983,0.002052002278378233,0.07747068073869347,0.9764093974927527,False,0.02992620479660513,1,1,0,0,0,0,0,0,0
Sabrina Bryan,5,Mark Ballas,Actor/Actress,23,0,6.0,9.0,0.5962847939999439,10.0,8.333333333333334,Eliminated Week 6,7,0.014661407014898766,0.012826325183400817,0.0008229253495318803,0.04111060017589105,0.9873361060386356,False,0.018753341343916336,2,1,0,0,0,0,0,0,0
Mark Cuban,5,Kym Johnson,TV Personality,49,0,5.0,6.8,0.5055250296034366,7.333333333333333,6.0,Eliminated Week 5,8,0.022586014643392143,0.01748581021158997,0.001700522876970834,0.056636684504420394,0.9828146888771316,False,0.022586014643392143,1,0,0,1,0,0,0,0,0
Floyd Mayweather Jr. ,5,Karina Smirnoff,Athlete,30,0,4.0,6.916666666666667,0.6871842709362769,7.666666666666667,6.0,Eliminated Week 4,9,0.015841305153162063,0.012511707958668667,0.0011761007606621364,0.03992171015898525,0.9876429004619673,False,0.015841305153162063,1,0,1,0,0,0,0,0,0
Wayne Newton,5,Cheryl Burke,Singer/Rapper,65,0,3.0,5.777777777777778,0.6938886664887107,6.333333333333333,5.0,Eliminated Week 3,10,0.018842295637206193,0.01338389950971303,0.0014791448484935802,0.043635481093434174,0.9867928634783043,False,0.018842295637206193,1,0,0,0,1,0,0,0,0
Albert Reed,5,Anna Trebunskaya,Model,22,0,2.0,7.0,0.0,7.0,7.0,Eliminated Week 2,11,0.010394992969190728,0.008706223811603749,0.0006768506454007571,0.027644664353039528,0.9913689203000002,False,0.010394992969190728,1,0,0,0,0,1,0,0,0
Josie Maran,5,Alec Mazo,Model,29,0,1.0,5.333333333333333,,5.333333333333333,5.333333333333333,Eliminated Week 1,12,0.014535420555919346,0.010262480282355881,0.001124579634579333,0.03369563222441528,0.9898417683694561,False,0.014535420555919346,1,0,0,0,0,1,0,0,0
Kristi Yamaguchi,6,Mark Ballas,Athlete,36,0,11.0,9.4,0.4172218523448575,10.0,9.0,1st Place,1,0.607544517085142,0.14585624077607398,0.3915043103067897,0.871028479024203,0.8727098255560511,True,0.607544517085142,1,0,1,0,0,0,0,0,0
Jason Taylor,6,Edyta Sliwinska,Athlete,33,0,11.0,8.716666666666667,0.7897882197771534,9.666666666666666,7.333333333333333,2nd Place,2,0.272909375400698,0.10787962129015545,0.08438831833374548,0.44182935886589303,0.902625141561385,True,0.272909375400698,1,0,1,0,0,0,0,0,0
Cristian de la Fuente,6,Cheryl Burke,Actor/Actress,34,1,11.0,8.25,0.9662515072736714,9.5,6.666666666666667,3rd Place,3,0.1195461075141601,0.08302816536924151,0.01123263809517034,0.2768154281709249,0.9233370211189896,True,0.1195461075141601,1,1,0,0,0,0,0,0,0
Marissa Jaret Winokur,6,Tony Dovolani,Actor/Actress,35,0,9.0,7.740740740740741,1.0378634273483,8.666666666666666,6.0,Eliminated Week 9,4,0.06753815477973618,0.05102941280952701,0.0060550042122991575,0.16832400507596718,0.951448159121333,False,0.06753815477973618,1,1,0,0,0,0,0,0,0
Mario,6,Karina Smirnoff,Singer/Rapper,21,0,8.0,8.416666666666668,0.7346308866924531,9.333333333333334,7.0,Eliminated Week 8,5,0.03976704319803428,0.032016349531763064,0.002583853212875813,0.10498617697762111,0.9689768969781445,False,0.03976704319803428,1,0,0,0,1,0,0,0,0
Shannon Elizabeth,6,Derek Hough,Actor/Actress,34,0,7.0,8.071428571428571,0.7191632409931471,9.333333333333334,7.0,Eliminated Week 7,6,0.02751983842733513,0.023299129156218127,0.0017615479920293942,0.07471396963800132,0.9772313603203885,False,0.02751983842733513,1,1,0,0,0,0,0,0,0
Marlee Matlin,6,Fabian Sanchez,Actor/Actress,42,0,6.0,7.444444444444444,0.4554200340426488,8.0,7.0,Eliminated Week 6,7,0.02975930294056828,0.022449845050759296,0.002117551119134632,0.07372629194085972,0.9780430843043995,False,0.02975930294056828,1,1,0,0,0,0,0,0,0
Priscilla Presley,6,Louis van Amstel,Actor/Actress,62,0,5.0,7.6,0.7226494462892931,8.666666666666666,7.0,Eliminated Week 5,8,0.0211228513433381,0.016612469791163834,0.0017452482919259518,0.05427158210066321,0.9836589946662996,False,0.0211228513433381,1,1,0,0,0,0,0,0,0
Adam Carolla,6,Julianne Hough,Radio Personality,43,0,4.0,6.166666666666666,0.8388704928078611,7.0,5.0,Eliminated Week 4,9,0.0216269800368815,0.015961727456573708,0.0015020105070011201,0.05269261016940907,0.9842890465012561,False,0.0216269800368815,1,0,0,0,0,0,0,0,1
Steve Guttenberg,6,Anna Trebunskaya,Actor/Actress,49,0,3.0,6.111111111111111,0.8388704928078612,7.0,5.333333333333333,Eliminated Week 3,10,0.012774968894461761,0.010795180462517387,0.0007824773474928261,0.034239024065987944,0.9893201108679823,False,0.012774968894461761,1,1,0,0,0,0,0,0,0
Monica Seles,6,Jonathan Roberts,Athlete,34,1,2.0,5.0,0.0,5.0,5.0,Eliminated Week 2,11,0.014918221124419814,0.011185366569486172,0.0009685855765823218,0.035438794461912004,0.9889383619074382,False,0.014918221124419814,1,0,1,0,0,0,0,0,0
Penn Jillette,6,Kym Johnson,Magician,53,0,2.0,5.5,0.2357022603955162,5.666666666666667,5.333333333333333,Eliminated Week 2,12,0.01200694387471149,0.009495097565002327,0.0008809884619407016,0.030389887062939016,0.9905942113162259,False,0.01200694387471149,1,0,0,0,0,0,0,0,0
Brooke Burke,7,Derek Hough,TV Personality,37,0,11.0,8.983333333333333,0.7595076377837501,10.0,8.0,1st Place,1,0.5986200394654035,0.14229733177391315,0.3923927510379542,0.8568236759516625,0.8754288154092642,True,0.5986200394654035,1,0,0,1,0,0,0,0,0
Warren Sapp,7,Kym Johnson,Athlete,35,0,11.0,8.083333333333334,0.7296625298090942,9.166666666666666,7.0,2nd Place,2,0.2874638238404865,0.10509964085950213,0.10172796405293563,0.4470516000134968,0.904895778648738,True,0.2874638238404865,1,0,1,0,0,0,0,0,0
Lance Bass,7,Lacey Schwimmer,Singer/Rapper,29,0,11.0,8.116666666666667,1.0032355064896186,9.5,6.666666666666667,3rd Place,3,0.11391613669410815,0.08147936618870781,0.007251364119404943,0.26886100548493,0.9246593428075719,True,0.11391613669410815,1,0,0,0,1,0,0,0,0
Cody Linley,7,Julianne Hough,Actor/Actress,18,0,9.0,7.611111111111111,0.7546154281781182,9.333333333333334,6.833333333333333,Eliminated Week 9,4,0.06973038759588597,0.052680863315425756,0.004720082204435128,0.1717433211774815,0.949955522940251,False,0.06973038759588597,1,1,0,0,0,0,0,0,0
Maurice Greene,7,Cheryl Burke,Athlete,34,0,8.0,7.479166666666667,0.9817279065706968,9.0,6.333333333333333,Eliminated Week 8,5,0.04202066865966714,0.03286270783933031,0.003031008058040596,0.10891077483611006,0.9681828885969981,False,0.04202066865966714,1,0,1,0,0,0,0,0,0
Susan Lucci,7,Tony Dovolani,Actor/Actress,61,0,7.0,7.30952380952381,0.6556631603912025,8.0,6.166666666666667,Eliminated Week 7,6,0.029704712316087293,0.024045316881433812,0.0019746753490227256,0.07561303293778798,0.9765192843665746,False,0.029704712316087293,1,1,0,0,0,0,0,0,0
Cloris Leachman,7,Corky Ballas,Actor/Actress,82,0,6.0,5.833333333333333,1.0488088481701516,7.333333333333333,5.0,Eliminated Week 6,7,0.04091160112732165,0.027471202457367724,0.004139689328007123,0.09143332009339812,0.9732632871931926,False,0.04091160112732165,1,1,0,0,0,0,0,0,0
Toni Braxton,7,Alec Mazo,Singer/Rapper,40,0,5.0,7.4333333333333345,0.1490711984999862,7.666666666666667,7.333333333333333,Eliminated Week 5,8,0.020247441000732717,0.016377123725390037,0.0014184070134436347,0.051855985194457214,0.983886764722368,False,0.020247441000732717,1,0,0,0,1,0,0,0,0
Rocco DiSpirito,7,Karina Smirnoff,TV Personality,41,0,4.0,5.958333333333334,0.5506729889333061,6.666666666666667,5.333333333333333,Eliminated Week 4,9,0.02051299774429339,0.015174989418944945,0.001466247932295262,0.04968431952232684,0.9850518486200781,False,0.02051299774429339,1,0,0,1,0,0,0,0,0
Misty May-Treanor,7,Maksim Chmerkoskiy,Athlete,31,0,,7.0,0.0,7.0,7.0,Withdrew,10,,,,,,False,,0,0,1,0,0,0,0,0,0
Kim Kardashian,7,Mark Ballas,TV Personality,27,0,2.0,5.916666666666667,0.3535533905932738,6.166666666666667,5.666666666666667,Eliminated Week 2,11,0.012916999967362484,0.010190895379833469,0.0010240945126856256,0.032885621845421854,0.9899119112769258,False,0.012916999967362484,1,0,0,1,0,0,0,0,0
Ted McGinley,7,Inna Brayer,Actor/Actress,50,0,1.0,6.166666666666667,,6.166666666666667,6.166666666666667,Eliminated Week 1,12,0.008040699301694888,0.0065705338143013155,0.0005245735262244283,0.02165041359291084,0.9934723562894267,False,0.008040699301694888,1,1,0,0,0,0,0,0,0
Jeffrey Ross,7,Edyta Sliwinska,Comedian,43,0,1.0,4.0,,4.0,4.0,Eliminated Week 1,13,0.01740415118333926,0.01149027157539645,0.0015747361270070695,0.03861693249683465,0.9886402549799117,False,0.01740415118333926,1,0,0,0,0,0,1,0,0
Shawn Johnson,8,Mark Ballas,Athlete,17,0,11.0,8.818181818181817,0.6726999721460174,10.0,7.666666666666667,1st Place,1,0.27683556348939625,0.10571468181308513,0.09015873005659693,0.43998361175186795,0.9043924408783823,True,0.33309611536600386,3,0,1,0,0,0,0,0,0
Gilles Marini,8,Cheryl Burke,Actor/Actress,33,1,11.0,9.227272727272728,0.597553936536868,10.0,8.0,2nd Place,2,0.27725778992162037,0.10605106520886377,0.08629031574174993,0.43251470071275483,0.9041173879355766,True,0.13700425867882646,3,1,0,0,0,0,0,0,0
Melissa Rycroft,8,Tony Dovolani,TV Personality,26,0,11.0,8.893939393939394,0.7351217861035272,9.666666666666666,7.666666666666667,3rd Place,3,0.6158929547752651,0.14250090100107723,0.40920954763699474,0.8732875586599367,0.8752728327161794,True,0.2808503281844648,3,0,0,1,0,0,0,0,0
Ty Murray,8,Chelsie Hightower,Athlete,39,0,10.0,7.2666666666666675,1.215130943510428,8.666666666666666,4.666666666666667,Eliminated Week 10,4,0.07453305172977862,0.053481350859328744,0.0059474884061084775,0.17796732498980491,0.949233699471088,False,0.07453305172977862,1,0,1,0,0,0,0,0,0
Lil' Kim,8,Derek Hough,Singer/Rapper,34,0,9.0,8.518518518518519,0.7657804862272346,9.333333333333334,7.0,Eliminated Week 9,5,0.041377892855294085,0.033151308062049134,0.0029359499582074337,0.10684697277216804,0.9679124366359916,False,0.041377892855294085,1,0,0,0,1,0,0,0,0
Chuck Wicks,8,Julianne Hough,Singer/Rapper,29,0,8.0,7.645833333333334,0.8088670304913367,9.0,6.666666666666667,Eliminated Week 8,6,0.028211979847577173,0.023010357796293252,0.002038667593833636,0.07286080370594117,0.9775072093640765,False,0.028211979847577173,1,0,0,0,1,0,0,0,0
Lawrence Taylor,8,Edyta Sliwinska,Athlete,50,0,7.0,6.571428571428571,0.6299407883487121,7.333333333333333,5.333333333333333,Eliminated Week 7,7,0.03015202062185483,0.021908194444216857,0.0024993303817289593,0.07230172363662715,0.9785614847171943,False,0.03015202062185483,1,0,1,0,0,0,0,0,0
Steve-O,8,Lacey Schwimmer,TV Personality,34,1,6.0,5.277777777777778,0.4906533814626581,6.0,4.666666666666667,Eliminated Week 6,8,0.03157628136756894,0.02256185303578211,0.0022883840745571223,0.0745083121268794,0.9779359527555224,False,0.03157628136756894,1,0,0,1,0,0,0,0,0
David Alan Grier,8,Kym Johnson,Actor/Actress,52,0,5.0,6.933333333333333,0.9249624617007738,8.0,5.666666666666667,Eliminated Week 5,9,0.015303655126866135,0.012193771890103131,0.001286361909533155,0.039234005405899275,0.9879531249561699,False,0.015303655126866135,1,1,0,0,0,0,0,0,0
Steve Wozniak,8,Karina Smirnoff,Entrepreneur,58,0,4.0,4.333333333333334,0.9813067629253164,5.666666666666667,3.3333333333333335,Eliminated Week 4,10,0.022776432455399818,0.016582578517267424,0.001655020212064818,0.05439147949671293,0.9836879178655078,False,0.022776432455399818,1,0,0,0,0,0,0,0,0
Holly Madison,8,Dmitry Chaplin,TV Personality,30,0,4.0,5.75,0.3191423692521128,6.0,5.333333333333333,Eliminated Week 4,11,0.01648867376751982,0.012565229901045638,0.001184397636769854,0.041303282642657924,0.9875906958584054,False,0.01648867376751982,1,0,0,1,0,0,0,0,0
Denise Richards,8,Maksim Chmerkoskiy,Actor/Actress,38,0,3.0,6.111111111111111,0.8388704928078612,7.0,5.333333333333333,Eliminated Week 3,12,0.012952846549793054,0.010652259715225987,0.0009805913167080366,0.03481340425799807,0.9894600149429957,False,0.012952846549793054,1,1,0,0,0,0,0,0,0
Belinda Carlisle,8,Jonathan Roberts,Singer/Rapper,50,0,2.0,5.833333333333334,0.2357022603955156,6.0,5.666666666666667,Eliminated Week 2,13,0.00904609222342085,0.007344173686362616,0.0006894097206951255,0.023091883037556132,0.9927093699668835,False,0.00904609222342085,1,0,0,0,1,0,0,0,0
Donny Osmond,9,Kym Johnson,Singer/Rapper,51,0,11.0,8.822206666666668,1.0517335095034033,10.3333,7.0,1st Place,1,0.6103667936471803,0.15332478865205734,0.3941876510976084,0.8931941834854165,0.867058446882725,True,0.6103667936471803,1,0,0,0,1,0,0,0,0
Mya,9,Dmitry Chaplin,Singer/Rapper,29,0,11.0,9.477766666666668,0.7914101600822936,11.0,8.166666666666666,2nd Place,2,0.26792104699658775,0.11230849154141638,0.06664887819906305,0.4379038752104573,0.8990311659081364,True,0.26792104699658775,1,0,0,0,1,0,0,0,0
Kelly Osbourne,9,Louis van Amstel,TV Personality,24,1,11.0,8.157386666666666,1.1194708974211165,10.333266666666669,6.333333333333333,3rd Place,3,0.1217121593562334,0.08651780030588571,0.007973988303780535,0.2822774336077371,0.9203714837607552,True,0.1217121593562334,1,0,0,1,0,0,0,0,0
Joanna Krupa,9,Derek Hough,Model,30,1,9.0,9.01851111111111,1.6923809840806463,11.999966666666666,6.666666666666667,Eliminated Week 9,4,0.06162115338159183,0.047440518465146915,0.004708390555821733,0.15410355034426546,0.954708150363838,False,0.06162115338159183,1,0,0,0,0,1,0,0,0
Aaron Carter,9,Karina Smirnoff,Singer/Rapper,21,0,8.0,8.604154166666667,1.6901424638870317,10.999933333333331,6.0,Eliminated Week 8,5,0.042322504753907815,0.03391311722015464,0.0027790854512366628,0.11096401524600573,0.9671992581820265,False,0.042322504753907815,1,0,0,0,1,0,0,0,0
Mark Dacascos,9,Lacey Schwimmer,Actor/Actress,45,0,7.0,8.071419047619047,1.6551080146979713,10.666666666666666,6.0,Eliminated Week 7,6,0.027113803909198233,0.020882923799522005,0.002246531897528493,0.06767032628358823,0.9795442520266673,False,0.027113803909198233,1,1,0,0,0,0,0,0,0
Michael Irvin,9,Anna Demidova,Athlete,43,0,7.0,6.452371428571429,1.1168414933507087,7.833333333333333,4.666666666666667,Eliminated Week 7,7,0.02284369990938473,0.01822767614788064,0.001386869531789693,0.060397282602645416,0.9820986243304259,False,0.02284369990938473,1,0,1,0,0,0,0,0,0
Louie Vito,9,Chelsie Hightower,Athlete,21,0,6.0,7.1111,1.293840679699183,8.999933333333333,5.333333333333333,Eliminated Week 6,8,0.018618977501286854,0.014237549469672777,0.001438466188044502,0.04608833698813708,0.9859623127963294,False,0.018618977501286854,1,0,1,0,0,0,0,0,0
Melissa Joan Hart,9,Mark Ballas,Actor/Actress,33,0,6.0,7.6111055555555565,1.1434169066475308,9.333333333333334,6.333333333333333,Eliminated Week 6,9,0.019521008472737668,0.014823808322979293,0.001259945215701627,0.04816546633601693,0.985392727090749,False,0.019521008472737668,1,1,0,0,0,0,0,0,0
Natalie Coughlin,9,Alec Mazo,Athlete,27,0,5.0,7.999986666666667,0.8498169742819788,8.999933333333333,7.0,Eliminated Week 5,10,0.012451371611132802,0.010458663812317871,0.0007723934307512166,0.03335286864956112,0.9896495876705547,False,0.012451371611132802,1,0,1,0,0,0,0,0,0
Chuck Liddell,9,Anna Trebunskaya,Athlete,39,0,4.0,6.25,0.7876359377087677,7.333333333333333,5.666666666666667,Eliminated Week 4,11,0.015495550209851905,0.011660121795736016,0.0012758891145503372,0.03777273960895612,0.9884742696242304,False,0.015495550209851905,1,0,1,0,0,0,0,0,0
Debi Mazar,9,Maksim Chmerkoskiy,Actor/Actress,45,0,3.0,6.666666666666667,0.8819171036881965,7.333333333333333,5.666666666666667,Eliminated Week 3,12,0.00910194967018572,0.007515072596017328,0.0005796602619618802,0.023712629110755487,0.9925409824622736,False,0.00910194967018572,1,1,0,0,0,0,0,0,0
Tom DeLay,9,Cheryl Burke,Politician,62,0,,5.888877777777778,0.8388550400087897,6.666633333333333,5.0,Withdrew,13,,,,,,False,,0,0,0,0,0,0,0,0,0
Kathy Ireland,9,Tony Dovolani,Model,46,0,2.0,6.333316666666667,0.4713809505649922,6.666633333333333,6.0,Eliminated Week 2,14,0.007952277770602326,0.006376853887932168,0.0006193245610644943,0.019923591776058815,0.993663552710601,False,0.007952277770602326,1,0,0,0,0,1,0,0,0
Macy Gray,9,Jonathan Roberts,Singer/Rapper,42,0,1.0,6.3333,,6.3333,6.3333,Eliminated Week 1,15,0.009069780400420571,0.0073347887892038595,0.0006546228543347009,0.023626690153855677,0.992718618605419,False,0.009069780400420571,1,0,0,0,1,0,0,0,0
Ashley Hamiliton,9,Edyta Sliwinska,Actor/Actress,34,0,1.0,6.3333,,6.3333,6.3333,Eliminated Week 1,16,0.00833198559252021,0.006624577625591979,0.000642373392736625,0.021588921319488766,0.9934190185965677,False,0.00833198559252021,1,1,0,0,0,0,0,0,0
Nicole Scherzinger,10,Derek Hough,Singer/Rapper,31,0,11.0,9.359253333333331,1.1865644521313317,11.999966666666666,7.666666666666667,1st Place,1,0.6017865012596728,0.1426374755939395,0.40377508375658344,0.8683428623516395,0.8751682150808182,True,0.6017865012596728,1,0,0,0,1,0,0,0,0
Evan Lysacek,10,Anna Trebunskaya,Athlete,24,0,11.0,8.762956666666668,0.5927059617123678,9.833333333333334,7.666666666666667,2nd Place,2,0.28571269787167575,0.10534374296709438,0.09730488772355471,0.4450966163135372,0.9046959431060619,True,0.28571269787167575,1,0,1,0,0,0,0,0,0
Erin Andrews,10,Maksim Chmerkoskiy,Sports Broadcaster,32,0,11.0,8.31666,1.404244799611011,11.333333333333334,6.5,3rd Place,3,0.11250080086865306,0.07864329891997981,0.008574209987582945,0.2545148283336488,0.9270905414248403,True,0.11250080086865306,1,0,0,0,0,0,0,0,0
Chad Ochocinco,10,Cheryl Burke,Athlete,32,0,9.0,7.388885185185185,1.6029410181072987,10.3333,5.333333333333333,Eliminated Week 9,4,0.06927002208502046,0.0526853173310873,0.0047417474377225025,0.1721910414156434,0.9499515035845068,False,0.06927002208502046,1,0,1,0,0,0,0,0,0
Niecy Nash,10,Louis van Amstel,Actor/Actress,40,0,8.0,6.999991666666666,1.011819044263021,8.6666,6.0,Eliminated Week 8,5,0.05204126998445286,0.038349340980204004,0.004582793907559144,0.1275113579440663,0.9630670146677204,False,0.05204126998445286,1,1,0,0,0,0,0,0,0
Pamela Anderson,10,Damian Whitewood,Model,42,1,7.0,7.809514285714285,1.1156434547359824,9.999933333333331,7.0,Eliminated Week 7,6,0.011880902132926344,0.008222178800529946,0.0010006485486107521,0.027172582791177964,0.9918448741027382,False,0.019821862216219833,2,0,0,0,0,1,0,0,0
Jake Pavelka,10,Chelsie Hightower,TV Personality,32,0,6.0,7.111105555555555,0.7502977188102411,8.3333,6.333333333333333,Eliminated Week 6,7,0.028201987714574623,0.02168599300750535,0.0017685467398387503,0.07153772490664191,0.97877430721775,False,0.028201987714574623,1,0,0,1,0,0,0,0,0
Kate Gosselin,10,Tony Dovolani,TV Personality,35,0,5.0,5.133333333333333,0.1825741858350552,5.333333333333333,5.0,Eliminated Week 5,8,0.02838169964160069,0.021770492736655156,0.0019302890119565505,0.06978050879201687,0.9786933632440822,False,0.02838169964160069,1,0,0,1,0,0,0,0,0
Aiden Turner,10,Edyta Sliwinska,Actor/Actress,32,1,4.0,5.875,0.7622457074451247,6.666666666666667,5.0,Eliminated Week 4,9,0.02042047979160184,0.015588848047757132,0.0018178477753701275,0.05113435027851301,0.9846504340041512,False,0.02042047979160184,1,1,0,0,0,0,0,0,0
Buzz Aldrin,10,Ashly DelGrosso,Astronaut,80,0,3.0,4.333333333333333,0.3333333333333335,4.666666666666667,4.0,Eliminated Week 3,10,0.02334466420793261,0.016155756264090895,0.0020537432105125247,0.05328133715805566,0.9841011024496011,False,0.02334466420793261,1,0,0,0,0,0,0,0,0
Shannen Doherty,10,Mark Ballas,Actor/Actress,38,0,2.0,6.333333333333334,0.4714045207910319,6.666666666666667,6.0,Eliminated Week 2,11,0.010302864951049984,0.008723521148005852,0.0006876436118934482,0.027300572637858032,0.9913519205559143,False,0.010302864951049984,1,1,0,0,0,0,0,0,0
Jennifer Grey,11,Derek Hough,Actor/Actress,50,0,11.0,8.995833333333334,0.834362790057238,10.0,8.0,1st Place,1,0.6073842946635154,0.152218568532789,0.3802413525681481,0.8791207007221383,0.8678908909386689,True,0.6073842946635154,1,1,0,0,0,0,0,0,0
Kyle Massey,11,Lacey Schwimmer,Actor/Actress,19,0,11.0,8.248603333333332,1.2263179943721725,9.999966666666666,6.666666666666667,2nd Place,2,0.27435323521672506,0.11025476707791575,0.08282338045652765,0.44238594224387084,0.900694173673223,True,0.27435323521672506,1,1,0,0,0,0,0,0,0
Bristol Palin,11,Mark Ballas,TV Personality,19,0,11.0,7.368046666666666,1.380971787037155,9.333266666666669,5.333333333333333,3rd Place,3,0.11826247011975792,0.08265581728794213,0.009904028523942246,0.27680400888092566,0.9236545761191259,True,0.06758403838738165,2,0,0,1,0,0,0,0,0
Brandy,11,Maksim Chmerkoskiy,Singer/Rapper,31,0,9.0,8.865737037037038,1.4633422314122444,11.999966666666666,7.0,Eliminated Week 9,4,0.06266833308957902,0.048185077821501776,0.004053378660583854,0.15738574513023187,0.9540299906561851,False,0.06266833308957902,1,0,0,0,1,0,0,0,0
Kurt Warner,11,Anna Trebunskaya,Athlete,39,0,8.0,7.343745833333333,0.9924692131385122,8.75,5.666666666666667,Eliminated Week 8,5,0.046725910090095996,0.036071918177062096,0.003430766854224908,0.11720593887460558,0.9651839630587329,False,0.046725910090095996,1,0,1,0,0,0,0,0,0
Rick Fox,11,Cheryl Burke,Athlete,41,1,7.0,7.922619047619047,1.1578107762716645,10.0,6.5,Eliminated Week 7,6,0.028228977903884577,0.02369098109512059,0.0017259027807676262,0.07488922758323607,0.9768572923542057,False,0.028228977903884577,1,0,1,0,0,0,0,0,0
Audrina Patridge,11,Tony Dovolani,TV Personality,25,0,6.0,8.1111,1.45548973583159,10.6666,6.333333333333333,Eliminated Week 6,7,0.01859879184142446,0.015676173268224694,0.0011053059998470582,0.0495477594305418,0.9845657762968071,False,0.01859879184142446,1,0,0,1,0,0,0,0,0
Florence Henderson,11,Corky Ballas,Actor/Actress,76,0,5.0,6.366666666666666,0.4772607021092119,7.0,5.833333333333333,Eliminated Week 5,8,0.018866223413928348,0.015339767954628674,0.0013455689996712142,0.049013879463114314,0.9848919854823275,False,0.018866223413928348,1,1,0,0,0,0,0,0,0
The Situation,11,Karina Smirnoff,TV Personality,28,0,4.0,5.583333333333334,0.9179284245476836,6.666666666666667,4.666666666666667,Eliminated Week 4,9,0.02214877955326744,0.016799442021868734,0.0015825883299748736,0.05436700921908792,0.9834781164036994,False,0.02214877955326744,1,0,0,1,0,0,0,0,0
Margaret Cho,11,Louis van Amstel,Comedian,41,0,3.0,5.666666666666667,0.5773502691896258,6.0,5.0,Eliminated Week 3,10,0.01630754051664651,0.012085492306873885,0.0014341434417377943,0.03955195751469271,0.988058822699526,False,0.01630754051664651,1,0,0,0,0,0,1,0,0
Michael Bolton,11,Chelsie Hightower,Singer/Rapper,57,0,2.0,4.666666666666666,0.9428090415820632,5.333333333333333,4.0,Eliminated Week 2,11,0.022765431269266057,0.015486409374118097,0.0016947869608480548,0.05082396005693453,0.98474976205377,False,0.022765431269266057,1,0,0,0,1,0,0,0,0
David Hasselhoff,11,Kym Johnson,Actor/Actress,58,0,1.0,5.0,,5.0,5.0,Eliminated Week 1,12,0.013029171838475713,0.01009381572473345,0.0009401581919960209,0.03283830275033687,0.9900070512584108,False,0.013029171838475713,1,1,0,0,0,0,0,0,0
Hines Ward,12,Kym Johnson,Athlete,35,1,11.0,8.64722,0.9294390981050988,10.0,7.0,1st Place,1,0.5972865515480057,0.14109311630257917,0.3995857264302769,0.8548555910659313,0.8763526707095075,True,0.5972865515480057,1,0,1,0,0,0,0,0,0
Kirstie Alley,12,Maksim Chmerkoskiy,Actor/Actress,60,0,11.0,7.966663333333334,0.9189310752710268,9.3333,6.666666666666667,2nd Place,2,0.2921150656944391,0.10247258399482705,0.10884991371565898,0.4450177704465662,0.9070520342342518,True,0.15854820955360102,2,1,0,0,0,0,0,0,0
Chelsea Kane,12,Mark Ballas,Actor/Actress,22,0,11.0,8.655553333333334,1.6921490463641526,12.166666666666666,6.0,3rd Place,3,0.11059838275755472,0.07735622293199483,0.007704364386311798,0.2540404239719713,0.9281981007902177,True,0.11059838275755472,1,1,0,0,0,0,0,0,0
Ralph Macchio,12,Karina Smirnoff,Actor/Actress,49,0,9.0,7.731481481481483,0.5099322152968284,8.333333333333334,7.0,Eliminated Week 9,4,0.07717067825268202,0.05605363357527047,0.006521735026502762,0.1834652935910653,0.9469216034175265,False,0.07717067825268202,1,1,0,0,0,0,0,0,0
Romeo,12,Chelsie Hightower,Singer/Rapper,21,0,8.0,7.8125,1.0290907529357056,9.333333333333334,6.333333333333333,Eliminated Week 8,5,0.03988722779572769,0.032963388963720947,0.0025105458128478393,0.10542648271919905,0.9680885215140199,False,0.03988722779572769,1,0,0,0,1,0,0,0,0
Kendra Wilkinson,12,Louis van Amstel,TV Personality,25,0,7.0,7.041666666666667,0.927024810886958,8.333333333333334,6.0,Eliminated Week 7,6,0.02837207674976778,0.02312143315366057,0.0018433731098447222,0.07588440667559278,0.9774010861228942,False,0.02837207674976778,1,0,0,1,0,0,0,0,0
Chris Jericho,12,Cheryl Burke,Athlete,40,0,6.0,7.444444444444445,0.7793634629666747,8.666666666666666,6.333333333333333,Eliminated Week 6,7,0.02727521613729992,0.021110088054881085,0.0018770054112368058,0.0685576732837767,0.9793263348371243,False,0.02727521613729992,1,0,1,0,0,0,0,0,0
Petra Nemcova,12,Dmitry Chaplin,Model,31,1,5.0,7.066666666666667,1.038160766826496,8.333333333333334,6.0,Eliminated Week 5,8,0.019904498770951788,0.01587428145347239,0.0012655754116885454,0.050352167706891854,0.9843737736614808,False,0.019904498770951788,1,0,0,0,0,1,0,0,0
Sugar Ray Leonard,12,Anna Trebunskaya,Athlete,54,0,4.0,6.25,0.6871842709362767,7.0,5.666666666666667,Eliminated Week 4,9,0.015517363931521616,0.012236226540850619,0.0011981090226656447,0.03998993322720324,0.9879116887738093,False,0.015517363931521616,1,0,1,0,0,0,0,0,0
Wendy Williams,12,Tony Dovolani,TV Personality,46,0,3.0,5.111111111111112,0.5091750772173156,5.666666666666667,4.666666666666667,Eliminated Week 3,10,0.0210841420373422,0.014753658284285539,0.0018456925589994601,0.04761340252003614,0.9854608474048464,False,0.0210841420373422,1,0,0,1,0,0,0,0,0
Mike Catherwood,12,Lacey Schwimmer,Radio Personality,32,0,2.0,5.0,0.9428090415820638,5.666666666666667,4.333333333333333,Eliminated Week 2,11,0.012054659066230365,0.009834477695831397,0.0008501713176047483,0.03130893113859151,0.9902612973580868,False,0.012054659066230365,1,0,0,0,0,0,0,0,1
J.R. Martinez,13,Karina Smirnoff,Actor/Actress,28,0,11.0,8.772216666666667,0.9473227383943724,10.0,7.333333333333333,1st Place,1,0.6195175238403923,0.14600006098142349,0.4110536256051773,0.8852102088304983,0.8726003026069734,True,0.6195175238403923,1,1,0,0,0,0,0,0,0
Rob Kardashian,13,Cheryl Burke,TV Personality,24,0,11.0,8.127766666666668,1.4574374322381354,10.833266666666669,5.333333333333333,2nd Place,2,0.27223144176687747,0.10875118294356494,0.07889085121608114,0.4410612098654653,0.9019156104484621,True,0.27223144176687747,1,0,0,1,0,0,0,0,0
Ricki Lake,13,Derek Hough,Actor/Actress,42,0,11.0,8.86666,1.2417547322286897,11.166633333333332,6.666666666666667,3rd Place,3,0.10825103439272961,0.07804530037502654,0.00780150494992797,0.25473214607053074,0.9276048044104673,True,0.10825103439272961,1,1,0,0,0,0,0,0,0
Hope Solo,13,Maksim Chmerkoskiy,Athlete,30,0,9.0,7.685177777777778,0.8098494757257878,8.666666666666666,6.333333333333333,Eliminated Week 9,4,0.07714442675982645,0.056484127935389684,0.006019093143531611,0.18662673667627117,0.9465357534090243,False,0.07714442675982645,1,0,1,0,0,0,0,0,0
Nancy Grace,13,Tristan MacManus,TV Personality,51,0,8.0,7.041666666666666,0.7650604291933157,8.0,5.333333333333333,Eliminated Week 8,5,0.04847835650591553,0.03805618827558162,0.003580406798776937,0.12399288368460361,0.9633389900224952,False,0.04847835650591553,1,0,0,1,0,0,0,0,0
David Arquette,13,Kym Johnson,Actor/Actress,40,0,7.0,7.357142857142857,0.9546599716001828,8.333333333333334,6.0,Eliminated Week 7,6,0.028620537389616257,0.02379728716162959,0.001842132891523319,0.07627747458988342,0.9767558603055053,False,0.028620537389616257,1,1,0,0,0,0,0,0,0
Chaz Bono,13,Lacey Schwimmer,TV Personality,42,0,6.0,6.277777777777779,0.6116159530899059,7.0,5.666666666666667,Eliminated Week 6,7,0.029853064112419947,0.023033395822951486,0.0023373624512328228,0.07401337316316192,0.9774851965566356,False,0.029853064112419947,1,0,0,1,0,0,0,0,0
Carson Kressley,13,Anna Trebunskaya,TV Personality,41,0,5.0,6.466666666666667,0.767390962214756,7.666666666666667,5.666666666666667,Eliminated Week 5,8,0.024090091786884028,0.01784555952588319,0.0021281441261864153,0.057165914278194556,0.9824673209418963,False,0.024090091786884028,1,0,0,1,0,0,0,0,0
Chynna Phillips,13,Tony Dovolani,Singer/Rapper,43,0,4.0,7.5,0.793492047615872,8.666666666666666,7.0,Eliminated Week 4,9,0.015996221842965272,0.013054104009741501,0.0011385663035980388,0.04142873061866748,0.9871141097419451,False,0.015996221842965272,1,0,0,0,1,0,0,0,0
Kristin Cavallari,13,Mark Ballas,TV Personality,24,0,3.0,7.222222222222221,0.8388704928078612,8.0,6.333333333333333,Eliminated Week 3,10,0.010428529875200505,0.008999755902423842,0.0006629507014139289,0.028323642779425437,0.9910805172649674,False,0.010428529875200505,1,0,0,1,0,0,0,0,0
Elisabetta Canalis,13,Valentin Chmerkovskiy,Actor/Actress,33,1,2.0,6.0,1.4142135623730951,7.0,5.0,Eliminated Week 2,11,0.008294297653977762,0.007226856897816479,0.0005673710781631112,0.02302115905463896,0.9928249958305574,False,0.008294297653977762,1,1,0,0,0,0,0,0,0
Metta World Peace (Ron),13,Peta Murgatroyd,Athlete,31,0,1.0,4.666666666666667,,4.666666666666667,4.666666666666667,Eliminated Week 1,12,0.01301521786362068,0.009645987663944151,0.0011506473893538442,0.03127228374483396,0.9904461684770695,False,0.01301521786362068,1,0,1,0,0,0,0,0,0
Donald Driver,14,Peta Murgatroyd,Athlete,37,0,11.0,9.038883333333334,1.1370488297765826,11.3333,7.0,1st Place,1,0.6176098958893333,0.14362350588097167,0.404186653880913,0.8799340377332013,0.8744136464995675,True,0.6176098958893333,1,0,1,0,0,0,0,0,0
Katherine Jenkins,14,Mark Ballas,Singer/Rapper,31,1,11.0,9.516663333333332,1.3572981058924596,12.999966666666666,8.0,2nd Place,2,0.2730191637515138,0.10561318447399819,0.08274371073758156,0.4352432585217873,0.9044754657803359,True,0.2730191637515138,1,0,0,0,1,0,0,0,0
William Levy,14,Cheryl Burke,Actor/Actress,31,1,11.0,9.255553333333337,1.2752781347757192,12.0,7.333333333333333,3rd Place,3,0.10937094035915386,0.07999894244020275,0.008375953249070922,0.2659869077138013,0.9259268326138828,True,0.10937094035915386,1,1,0,0,0,0,0,0,0
Maria Menounos,14,Derek Hough,TV Personality,33,0,9.0,8.907403703703704,0.8979521455395115,9.999966666666666,7.0,Eliminated Week 9,4,0.060289263007752204,0.04756958985948859,0.003155147067086242,0.15325425842121526,0.9545905204580546,False,0.060289263007752204,1,0,0,1,0,0,0,0,0
Melissa Gilbert,14,Maksim Chmerkoskiy,Actor/Actress,47,0,8.0,7.749999999999999,1.1198072396480805,10.0,6.666666666666667,Eliminated Week 8,5,0.030605015178533656,0.0252318589785063,0.0021544771346096447,0.08297271459733331,0.9753891192928338,False,0.030605015178533656,1,1,0,0,0,0,0,0,0
Roshon Fegan,14,Chelsie Hightower,Actor/Actress,20,0,8.0,8.666658333333332,0.5345106059351329,9.333333333333334,7.666666666666667,Eliminated Week 8,6,0.02491933313076379,0.021777722329780914,0.001428573128378626,0.06921096560943096,0.9786864384945437,False,0.02491933313076379,1,1,0,0,0,0,0,0,0
Jaleel White,14,Kym Johnson,Actor/Actress,35,0,7.0,8.642847619047618,1.711669410238756,12.333266666666669,7.333333333333333,Eliminated Week 7,7,0.022147808353909688,0.018690456441513865,0.0015664110448699788,0.0594437279957482,0.9816524673188721,False,0.022147808353909688,1,1,0,0,0,0,0,0,0
Gladys Knight,14,Tristan MacManus,Singer/Rapper,67,0,6.0,7.333333333333333,0.6992058987801011,8.0,6.333333333333333,Eliminated Week 6,8,0.026569464322994844,0.019042195618720274,0.002305447284003941,0.0628351143417154,0.9813136338214545,False,0.026569464322994844,1,0,0,0,1,0,0,0,0
Gavin DeGraw,14,Karina Smirnoff,Singer/Rapper,35,0,5.0,7.133333333333335,0.6912147117775908,8.0,6.333333333333333,Eliminated Week 5,9,0.022790256080872297,0.015981403900386583,0.002099121991522019,0.05193253025272232,0.9842699838412068,False,0.022790256080872297,1,0,0,0,1,0,0,0,0
Sherri Sheperd,14,Valentin Chmerkovskiy,Actor/Actress,44,0,4.0,7.583333333333334,0.4194352464039306,8.0,7.0,Eliminated Week 4,10,0.013176098487291578,0.010777367452619199,0.0009364068531082132,0.03523138598371289,0.989337545734942,False,0.013176098487291578,1,1,0,0,0,0,0,0,0
Jack Wagner,14,Anna Trebunskaya,Actor/Actress,52,0,3.0,7.555555555555556,0.5091750772173156,8.0,7.0,Eliminated Week 3,11,0.009579345218777896,0.008140734148372651,0.000748311452538841,0.026452026496884908,0.9919250022614655,False,0.009579345218777896,1,1,0,0,0,0,0,0,0
Martina Navratilova,14,Tony Dovolani,Athlete,55,1,2.0,6.166666666666667,0.7071067811865476,6.666666666666667,5.666666666666667,Eliminated Week 2,12,0.013455863265491079,0.009913979420824276,0.0010577745582352341,0.0319822912381602,0.9901833427174561,False,0.013455863265491079,1,0,1,0,0,0,0,0,0
Kellie Pickler,16,Derek Hough,Singer/Rapper,26,0,11.0,8.916666666666668,0.850744046172975,10.0,7.0,1st Place,1,0.6139443274104742,0.14569045647285145,0.3988113211488468,0.8848810865336032,0.8728361088723936,True,0.6139443274104742,1,0,0,0,1,0,0,0,0
Zendaya,16,Valentin Chmerkovskiy,Actor/Actress,16,0,11.0,9.099993333333334,0.6992104898286493,10.0,8.0,2nd Place,2,0.26740634744912045,0.10704372384396918,0.07166515741342051,0.4295539819927061,0.9033066883101211,True,0.26740634744912045,1,1,0,0,0,0,0,0,0
Jacoby Jones,16,Karina Smirnoff,Athlete,28,0,11.0,8.399989999999999,0.943457785541444,9.833333333333334,6.666666666666667,3rd Place,3,0.11864932514040502,0.08185032360621194,0.00854067131658863,0.2717639335116143,0.924342284861205,True,0.11864932514040502,1,0,1,0,0,0,0,0,0
Alexandra Raisman,16,Mark Ballas,Athlete,18,0,10.0,8.816666666666666,1.1067971810589328,10.666666666666666,7.0,Eliminated Week 10,4,0.06231271266370585,0.048550040514660914,0.004258996078609236,0.15947206455989268,0.9536979270051519,False,0.06231271266370585,1,0,1,0,0,0,0,0,0
Ingo Rademacher,16,Kym Johnson,Actor/Actress,41,1,9.0,7.5,0.6972166887783964,8.5,6.666666666666667,Eliminated Week 9,5,0.04605959157306671,0.03635891676337331,0.0031627155746265594,0.11823470256856862,0.964916674932537,False,0.04605959157306671,1,1,0,0,0,0,0,0,0
Sean Lowe,16,Peta Murgatroyd,TV Personality,29,0,8.0,7.166666666666667,0.642416074439621,8.0,6.333333333333333,Eliminated Week 8,6,0.039356078066997036,0.029246974850908946,0.0031837066337840492,0.0960068560710309,0.9715841041406553,False,0.039356078066997036,1,0,0,1,0,0,0,0,0
Andy Dick,16,Sharna Burgess,Comedian,47,0,7.0,6.30952380952381,0.6267831705280087,7.166666666666667,5.666666666666667,Eliminated Week 7,7,0.03987608756984786,0.02730300097428805,0.0037356513205347164,0.0906053195273222,0.9734226406927712,False,0.03987608756984786,1,0,0,0,0,0,1,0,0
Victor Ortiz,16,Lindsay Arnold,Athlete,26,0,6.0,6.555555555555556,0.6885303726590963,7.666666666666667,6.0,Eliminated Week 6,8,0.021590024403282206,0.016339398679753328,0.0018260515387983384,0.052904936417770256,0.9839232851732614,False,0.021590024403282206,1,0,1,0,0,0,0,0,0
D. L. Hughley,16,Cheryl Burke,Comedian,50,0,5.0,5.533333333333333,1.0954451150103324,7.0,4.0,Eliminated Week 5,9,0.020555111485548935,0.015058783778238992,0.0017615654080424085,0.04825653145572261,0.985164619016263,False,0.020555111485548935,1,0,0,0,0,0,1,0,0
Lisa Vanderpump,16,Gleb Savchenko,TV Personality,52,1,4.0,6.25,0.5,7.0,6.0,Eliminated Week 4,10,0.016213276906630422,0.012132948304521989,0.001528857890713503,0.03944503164743016,0.9880124954682618,False,0.016213276906630422,1,0,0,1,0,0,0,0,0
Wynonna Judd,16,Tony Dovolani,Singer/Rapper,48,0,3.0,5.666666666666667,0.5773502691896258,6.0,5.0,Eliminated Week 3,11,0.017456226188261054,0.01295573391312585,0.001211308559209978,0.040964293674175895,0.9872099703083007,False,0.017456226188261054,1,0,0,0,1,0,0,0,0
Dorothy Hamill,16,Tristan MacManus,Athlete,56,0,,6.0,1.4142135623730951,7.0,5.0,Withdrew,12,,,,,,False,,0,0,1,0,0,0,0,0,0
Amber Riley,17,Derek Hough,Actor/Actress,27,0,11.0,9.210851515151516,0.9114388470207891,10.666633333333332,8.0,1st Place,1,0.6040162058109798,0.14970013022804166,0.3884941016116025,0.8834526626426329,0.8697920211609015,True,0.3297636601217853,2,1,0,0,0,0,0,0,0
Corbin Bleu,17,Karina Smirnoff,Actor/Actress,24,0,11.0,9.220948484848485,0.621756552101229,10.0,8.0,2nd Place,2,0.2775070320047507,0.10988158653394706,0.07831280488893849,0.44563086934344015,0.9009970181800234,True,0.16901988415198108,2,1,0,0,0,0,0,0,0
Jack Osbourne,17,Cheryl Burke,TV Personality,27,1,11.0,8.700748484848484,0.8334988474781921,10.0,7.333333333333333,3rd Place,3,0.1184767621842708,0.08404181156062336,0.009645643128109435,0.2766115771470334,0.9224736438536131,True,0.09182441945167884,2,0,0,1,0,0,0,0,0
Bill Engvall,17,Emma Slater,Comedian,56,0,11.0,7.575751515151516,0.7504147675879929,8.499966666666666,6.0,Eliminated Week 11,4,0.07173897933496255,0.05404265031140898,0.005168030344504827,0.18050189050685006,0.9487282129471302,False,0.07173897933496255,1,0,0,0,0,0,1,0,0
Leah Remini,17,Tony Dovolani,Actor/Actress,43,0,10.0,8.29583,0.8051795291642637,9.333333333333334,7.0,Eliminated Week 10,5,0.04430652896837577,0.03333193745613092,0.003605299798753066,0.10883348839448241,0.9677432427587713,False,0.04430652896837577,1,1,0,0,0,0,0,0,0
Elizabeth Berkley Lauren,17,Valentin Chmerkovskiy,Actor/Actress,39,0,9.0,8.851844444444446,0.8012147416406057,10.6666,8.0,Eliminated Week 9,6,0.0266533251382254,0.022447285887537013,0.0016548135252867763,0.07036449186357173,0.9780455323248751,False,0.0266533251382254,1,1,0,0,0,0,0,0,0
Brant Daugherty,17,Peta Murgatroyd,Actor/Actress,28,0,8.0,8.604166666666668,1.1544857303523943,10.333333333333334,7.0,Eliminated Week 8,7,0.022289293554842188,0.019167879487014608,0.0015614041307938401,0.060659619196052,0.9811926181419075,False,0.022289293554842188,1,1,0,0,0,0,0,0,0
"Nicole ""Snooki"" Polizzi",17,Sasha Farber,TV Personality,25,1,7.0,8.380952380952381,1.0788981249502494,10.0,6.666666666666667,Eliminated Week 7,8,0.01643191521031876,0.014002811215400536,0.0010141866904034753,0.045701022075749484,0.9861905597691426,False,0.01643191521031876,1,0,0,1,0,0,0,0,0
Christina Milian,17,Mark Ballas,Singer/Rapper,31,0,5.0,8.333333333333332,0.7453559924999301,9.333333333333334,7.333333333333333,Eliminated Week 5,9,0.011280152114163722,0.009906184611256459,0.0006904620004341165,0.03178025762254783,0.9901909852992239,False,0.011280152114163722,1,0,0,0,1,0,0,0,0
Valerie Harper,17,Tristan MacManus,Actor/Actress,74,0,4.0,6.166666666666666,0.6938886664887111,7.0,5.333333333333333,Eliminated Week 4,10,0.01919612924560713,0.013701573770261703,0.0014983587239783196,0.045045519291006995,0.9864836218816339,False,0.01919612924560713,1,1,0,0,0,0,0,0,0
Bill Nye,17,Tyne Stecklein,TV Personality,57,0,3.0,5.222222222222222,0.5091750772173155,5.666666666666667,4.666666666666667,Eliminated Week 3,11,0.018520194954534837,0.013516472758870583,0.0012745129918316958,0.04318373374004885,0.9866637858168426,False,0.018520194954534837,1,0,0,1,0,0,0,0,0
Keyshawn Johnson,17,Sharna Burgess,Athlete,41,0,2.0,5.833333333333334,0.2357022603955156,6.0,5.666666666666667,Eliminated Week 2,12,0.0127557115606506,0.009239471674073733,0.0010384394117558533,0.02927844292092205,0.9908451146299819,False,0.0127557115606506,1,0,1,0,0,0,0,0,0
Meryl Davis,18,Maksim Chmerkoskiy,Athlete,27,0,11.0,9.358333333333334,0.7339328357604716,10.0,8.0,1st Place,1,0.6210595643898681,0.15167466198994836,0.39923921013503394,0.8846691730551651,0.8683007736508905,True,0.6210595643898681,1,0,1,0,0,0,0,0,0
Amy Purdy,18,Derek Hough,Athlete,34,0,11.0,9.126386666666669,0.737561527075689,10.0,8.0,2nd Place,2,0.2607291378661704,0.1116482458082358,0.066530799128772,0.4333588538040218,0.8995651311201767,True,0.2607291378661704,1,0,1,0,0,0,0,0,0
Candace Cameron Bure,18,Mark Ballas,Actor/Actress,37,0,11.0,8.299993333333335,0.8014228091107484,9.25,7.0,3rd Place,3,0.11821129774396075,0.0856065698388961,0.008415200395380676,0.2819777486907865,0.9211440201107108,True,0.11821129774396075,1,1,0,0,0,0,0,0,0
James Maslow,18,Peta Murgatroyd,Actor/Actress,23,0,10.0,8.875000000000002,0.8279921422660488,10.0,7.0,Eliminated Week 10,4,0.06167710068211408,0.047026065568012275,0.004420591835518574,0.15446552262105498,0.9550860603050023,False,0.06167710068211408,1,1,0,0,0,0,0,0,0
Charlie White,18,Sharna Burgess,Athlete,26,0,9.0,9.023148148148149,0.5397044229923734,10.0,8.25,Eliminated Week 9,5,0.03994879630749687,0.03263324646139583,0.002535051810789738,0.10346550857802599,0.9683980284643916,False,0.03994879630749687,1,0,1,0,0,0,0,0,0
Danica McKellar,18,Valentin Chmerkovskiy,Actor/Actress,39,0,8.0,8.78125,0.6999681115185585,9.75,8.0,Eliminated Week 8,6,0.027691842980351482,0.023439150855836758,0.001732685039046803,0.07498186568859336,0.9770976605338617,False,0.027691842980351482,1,1,0,0,0,0,0,0,0
NeNe Leakes,18,Tony Dovolani,TV Personality,46,0,7.0,7.892857142857143,0.7196229171289243,9.0,7.0,Eliminated Week 7,7,0.023466344060594193,0.019143774818881843,0.0016001906357113926,0.061593283612244885,0.9812158251937672,False,0.023466344060594193,1,0,0,1,0,0,0,0,0
Drew Carey,18,Cheryl Burke,Comedian,55,0,6.0,7.458333333333333,0.557150488348226,8.25,7.0,Eliminated Week 6,8,0.019382138503817783,0.015899829412376342,0.0014076361080484767,0.05111545464358989,0.9843490185232403,False,0.019382138503817783,1,0,0,0,0,0,1,0,0
Cody Simpson,18,Witney Carson,Singer/Rapper,17,1,5.0,7.933333333333333,0.6598610964943052,8.75,7.333333333333333,Eliminated Week 5,9,0.01452353318802952,0.011691441571707683,0.0010414667266216372,0.03741633241063218,0.9884436686016197,False,0.01452353318802952,1,0,0,0,1,0,0,0,0
Billy Dee Williams,18,Emma Slater,Actor/Actress,76,0,,5.0,0.0,5.0,5.0,Withdrew,10,,,,,,False,,0,1,0,0,0,0,0,0,0
Sean Avery,18,Karina Smirnoff,Athlete,33,1,2.0,6.833333333333334,0.2357022603955156,7.0,6.666666666666667,Eliminated Week 2,11,0.010893846660754311,0.008580668008024723,0.0009080566585897975,0.026993224079540034,0.9914923334541283,False,0.010893846660754311,1,0,1,0,0,0,0,0,0
Diana Nyad,18,Henry Byalikov,Athlete,64,0,2.0,6.0,,6.0,6.0,Eliminated Week 2,12,,,,,,False,,0,0,1,0,0,0,0,0,0
Alfonso Ribeiro,19,Witney Carson,Actor/Actress,42,0,11.0,9.181818181818182,0.8241731393562663,10.25,8.0,1st Place,1,0.6102689921499818,0.14089177948269102,0.4051308829734131,0.8660995011398472,0.8765073234671085,True,0.33435755404199335,2,1,0,0,0,0,0,0,0
Sadie Robertson,19,Mark Ballas,TV Personality,17,0,11.0,8.791663636363637,0.7102865228521901,9.8333,7.75,2nd Place,2,0.27766289451578274,0.10459664321458179,0.0929999557463205,0.4382815305547036,0.9053078389680906,True,0.17073787202606977,2,0,0,1,0,0,0,0,0
Janel Parrish,19,Valentin Chmerkovskiy,Actor/Actress,25,0,11.0,9.04545,1.0189922607655075,10.75,7.25,3rd Place,3,0.11206811333423435,0.07903258751222826,0.00855796970729772,0.2581124554713141,0.9267560698102341,True,0.0867311317148999,2,1,0,0,0,0,0,0,0
Bethany Mota,19,Derek Hough,Social Media Personality,18,0,11.0,9.011363636363637,0.7633285364411936,10.0,8.0,Eliminated Week 11,4,0.06382015805182017,0.04952072144023507,0.004804916943412114,0.16239254256904037,0.9528158706840215,False,0.06382015805182017,1,0,0,0,0,0,0,1,0
Tommy Chong,19,Peta Murgatroyd,Comedian,76,1,10.0,7.1625,0.7072295321259648,8.5,5.75,Eliminated Week 10,5,0.05101942757577141,0.038732646686891435,0.0033866064329179475,0.12594945025461102,0.9627116305524508,False,0.05101942757577141,1,0,0,0,0,0,1,0,0
Lea Thompson,19,Artem Chigvintsev,Actor/Actress,53,0,9.0,8.472222222222221,0.6180165405913052,9.75,7.75,Eliminated Week 9,6,0.028628087725787694,0.023789977279666877,0.002009169177722285,0.07669190515004523,0.976762834362884,False,0.028628087725787694,1,1,0,0,0,0,0,0,0
Michael Waltrip,19,Emma Slater,Racing Driver,51,0,8.0,6.40625,0.7669221882675862,7.5,5.0,Eliminated Week 8,7,0.03621028297901265,0.026188122116851155,0.0027780808967359846,0.08603054263108832,0.9744801936872651,False,0.03621028297901265,1,0,0,0,0,0,0,0,0
Antonio Sabato Jr.,19,Cheryl Burke,Actor/Actress,42,1,7.0,7.125,0.462105687767059,7.75,6.25,Eliminated Week 7,8,0.019418272130585456,0.015318900811786565,0.0015353891941971838,0.049948206973595116,0.9849122272819519,False,0.019418272130585456,1,1,0,0,0,0,0,0,0
Jonathan Bennett,19,Allison Holker,Actor/Actress,33,0,6.0,7.166666666666667,0.9309493362512627,8.0,6.0,Eliminated Week 6,9,0.014056076658812143,0.011843826702237232,0.0008156996419402953,0.03724969432897173,0.9882948075684386,False,0.014056076658812143,1,1,0,0,0,0,0,0,0
Betsey Johnson,19,Tony Dovolani,Fashion Designer,72,0,4.0,6.625,1.0897247358851685,7.25,5.0,Eliminated Week 4,10,0.013151016879229071,0.01074534804408437,0.0007668241934692551,0.033951159891328374,0.9893688869655666,False,0.013151016879229071,1,0,0,0,0,0,0,0,0
Randy Couture,19,Karina Smirnoff,Athlete,51,0,3.0,7.083333333333333,0.6291528696058959,7.75,6.5,Eliminated Week 3,11,0.01417392560456805,0.010750810143710182,0.0011263368620468047,0.035906905360841866,0.9893635404139013,False,0.01417392560456805,1,0,1,0,0,0,0,0,0
Tavis Smiley,19,Sharna Burgess,Radio Personality,50,0,2.0,7.125,0.1767766952966369,7.25,7.0,Eliminated Week 2,12,0.009101771302772737,0.007401035919309183,0.000656591819827318,0.02373594135902417,0.9926533369974598,False,0.009101771302772737,1,0,0,0,0,0,0,0,1
Lolo Jones,19,Keo Motsepe,Athlete,32,0,1.0,5.5,,5.5,5.5,Eliminated Week 1,13,0.012569312040812967,0.00916424034186313,0.0009959611783601774,0.02989864865063861,0.9909189803051696,False,0.012569312040812967,1,0,1,0,0,0,0,0,0
Rumer Willis,20,Valentin Chmerkovskiy,Actor/Actress,26,0,11.0,9.0625,0.8020156897883399,10.0,8.0,1st Place,1,0.6155002018973875,0.14947515467082162,0.39844427367936197,0.8952205144892572,0.8699622570671157,True,0.6155002018973875,1,1,0,0,0,0,0,0,0
Riker Lynch,20,Allison Holker,Actor/Actress,23,0,11.0,9.075,0.825378700960959,10.0,7.75,2nd Place,2,0.2653976528549548,0.11054986991280062,0.06317204328684585,0.4354105897274147,0.9004548351156162,True,0.2653976528549548,1,1,0,0,0,0,0,0,0
Noah Galloway,20,Sharna Burgess,Motivational Speaker,33,0,11.0,8.0125,1.0967914062796484,9.5,6.5,3rd Place,3,0.11910214524765773,0.0848605634553966,0.007809289243468413,0.279135681494349,0.9217774465087877,True,0.11910214524765773,1,0,0,0,0,0,0,0,0
Nastia Liukin,20,Derek Hough,Athlete,25,1,9.0,9.09722222222222,0.8472791419859481,10.25,7.5,Eliminated Week 9,4,0.06461942740168766,0.048658340804950836,0.004684049984578769,0.16111697606978065,0.9535994337606655,False,0.06461942740168766,1,0,1,0,0,0,0,0,0
Chris Soules,20,Witney Carson,TV Personality,33,0,8.0,7.09375,1.0685228455342315,8.75,5.25,Eliminated Week 8,5,0.03390690296416974,0.02662788796834942,0.002396715777303996,0.08670454601269391,0.9740627657981853,False,0.03390690296416974,1,0,0,1,0,0,0,0,0
Robert Herjavec,20,Kym Johnson,Entrepreneur,52,1,8.0,7.453125,0.8181465878959066,8.5,6.0,Eliminated Week 8,6,0.035003306634313405,0.02672474472902763,0.0025893920422332627,0.08805379021488494,0.9739708769402643,False,0.035003306634313405,1,0,0,0,0,0,0,0,0
Willow Shields,20,Mark Ballas,Actor/Actress,14,0,7.0,8.482142857142858,1.229897885811586,9.75,6.25,Eliminated Week 7,7,0.019560403831740597,0.016689672001772002,0.0012238417632207837,0.053947010644751346,0.9835843006362881,False,0.019560403831740597,1,1,0,0,0,0,0,0,0
Patti LaBelle,20,Artem Chigvintsev,Singer/Rapper,70,0,6.0,6.916666666666667,1.0327955589886444,8.5,5.5,Eliminated Week 6,8,0.017143570848702456,0.014154804510479926,0.0013150797736566442,0.04487070296585532,0.9860427575282135,False,0.017143570848702456,1,0,0,0,1,0,0,0,0
Suzanne Somers,20,Tony Dovolani,Actor/Actress,68,0,5.0,6.7,0.4107919181288745,7.0,6.25,Eliminated Week 5,9,0.01713144526590014,0.013527559261072946,0.0011115289430137442,0.0424180765097392,0.9866529931648477,False,0.01713144526590014,1,1,0,0,0,0,0,0,0
Michael Sam,20,Peta Murgatroyd,Athlete,25,0,4.0,6.75,0.6454972243679028,7.5,6.0,Eliminated Week 4,10,0.0133271672135016,0.010478128779252933,0.001168028194032393,0.032926355126160226,0.9896305239264194,False,0.0133271672135016,1,0,1,0,0,0,0,0,0
Charlotte McKinney,20,Keo Motsepe,Model,21,0,3.0,5.833333333333333,0.5773502691896258,6.5,5.5,Eliminated Week 3,11,0.015516333258310214,0.012059557765350584,0.0011979678078885994,0.038067461787343375,0.9880841422099917,False,0.015516333258310214,1,0,0,0,0,1,0,0,0
Redfoo,20,Emma Slater,Singer/Rapper,39,0,2.0,6.625,1.590990257669732,7.75,5.5,Eliminated Week 2,12,0.0074251254988830576,0.0064344702363230205,0.00048176021882332575,0.019989302400796417,0.9936066674715422,False,0.0074251254988830576,1,0,0,0,1,0,0,0,0
Bindi Irwin,21,Derek Hough,TV Personality,17,1,11.0,9.280303030303031,0.9008273413867384,10.5,8.0,1st Place,1,0.621387642865976,0.15306656305076607,0.40482088461281285,0.9029751065684378,0.8672526218731164,True,0.34170083864601736,2,0,0,1,0,0,0,0,0
Nick Carter,21,Sharna Burgess,Singer/Rapper,35,0,11.0,9.106060606060607,0.9369653357536982,11.0,7.5,2nd Place,2,0.26329240068643356,0.11144454096515068,0.06304301993490918,0.43193966613087476,0.8997300028408299,True,0.16221279359878374,2,0,0,0,1,0,0,0,0
Alek Skarlatos,21,Lindsay Arnold,Military,22,0,11.0,8.212118181818182,0.7847135487783831,9.5,7.25,3rd Place,3,0.11531995644759004,0.08405144798157797,0.00898394886873623,0.275758586733124,0.9224654437406311,True,0.09090335888113829,2,0,0,0,0,0,0,0,0
Carlos PenaVega,21,Witney Carson,Actor/Actress,26,0,11.0,8.999993939393939,1.0321186410936145,10.5,7.5,Eliminated Week 11,4,0.06302069041059549,0.04849805685830976,0.0038158786870406787,0.1591696978845787,0.9537452105503867,False,0.06302069041059549,1,1,0,0,0,0,0,0,0
Tamar Braxton,21,Valentin Chmerkovskiy,Singer/Rapper,38,0,,8.537037037037036,0.8641300127945712,10.0,7.25,Withdrew,5,,,,,,False,,0,0,0,0,1,0,0,0,0
Alexa PenaVega,21,Mark Ballas,Actor/Actress,27,0,9.0,8.518511111111112,1.159032429802261,10.0,7.0,Eliminated Week 9,6,0.025579716449114564,0.021197300569378352,0.001806363186466427,0.06902876766652138,0.9792426981959709,False,0.025579716449114564,1,1,0,0,0,0,0,0,0
Andy Grammer,21,Allison Holker,Singer/Rapper,31,0,8.0,8.197908333333334,1.107280560043747,10.0,7.0,Eliminated Week 8,7,0.026900587186997425,0.02068625920678691,0.002014836367269668,0.06657819846880686,0.9797329894272674,False,0.026900587186997425,1,0,0,0,1,0,0,0,0
Hayes Grier,21,Emma Slater,Social Media Personality,15,0,7.0,7.976190476190476,0.8683134537528797,9.333333333333334,7.0,Eliminated Week 7,8,0.014584009058845993,0.012992246936260088,0.0008877304209583018,0.04043772111914416,0.98717438660014,False,0.014584009058845993,1,0,0,0,0,0,0,1,0
Paula Deen,21,Louis van Amstel,TV Personality,68,0,6.0,5.777777777777779,0.629520687742902,6.5,5.0,Eliminated Week 6,9,0.024295925431862254,0.017388972220921194,0.001874319380862566,0.057445617210785,0.9829082359886782,False,0.024295925431862254,1,0,0,1,0,0,0,0,0
Gary Busey,21,Anna Trebunskaya,Actor/Actress,71,0,4.0,5.520833333333333,0.5286907308520634,6.25,5.0,Eliminated Week 4,10,0.02172192597062002,0.015904407681063572,0.0017662958332344638,0.051716035793108066,0.9843445824618801,False,0.02172192597062002,1,1,0,0,0,0,0,0,0
Kim Zolciak-Biermann,21,Tony Dovolani,TV Personality,37,0,,5.083333333333334,1.5320646925708532,6.166666666666667,4.0,Withdrew,11,,,,,,False,,0,0,0,1,0,0,0,0,0
Victor Espinoza,21,Karina Smirnoff,Athlete,43,1,2.0,5.583333333333334,0.8249579113843056,6.166666666666667,5.0,Eliminated Week 2,12,0.008947164419216082,0.007115554446283055,0.0005249154424695598,0.022351538095128357,0.9929347189457368,False,0.008947164419216082,1,0,1,0,0,0,0,0,0
Chaka Khan,21,Keo Motsepe,Singer/Rapper,62,0,2.0,4.666666666666666,0.4714045207910319,5.0,4.333333333333333,Eliminated Week 2,13,0.013252042557100269,0.009835328395540969,0.0009759515342386526,0.03179391066266106,0.9902604631478207,False,0.013252042557100269,1,0,0,0,1,0,0,0,0
Nyle DiMarco,22,Peta Murgatroyd,Model,26,0,11.0,8.69166,0.9844788057459454,9.666666666666666,6.666666666666667,1st Place,1,0.6163450543428078,0.14811480378781067,0.40561727456994406,0.8935145385824321,0.8709930371952729,True,0.6163450543428078,1,0,0,0,0,1,0,0,0
Paige VanZant,22,Mark Ballas,Athlete,22,0,11.0,8.69722,1.008742280120995,9.888866666666669,7.0,2nd Place,2,0.268322233407924,0.10699442079663672,0.06995311787604883,0.4290552161027542,0.9033469195629376,True,0.268322233407924,1,0,1,0,0,0,0,0,0
Ginger Zee,22,Valentin Chmerkovskiy,News Anchor,35,0,11.0,8.461106666666666,1.0651081207274244,10.0,7.0,3rd Place,3,0.1153327122492675,0.08205761190973045,0.009318258275096462,0.26912046614893087,0.9241652098681636,True,0.1153327122492675,1,0,0,0,0,0,0,0,0
Wanya Morris,22,Lindsay Arnold,Singer/Rapper,42,0,9.0,8.564814814814817,0.8875858504816918,10.0,7.5,Eliminated Week 9,4,0.03901989108089687,0.03202645283409954,0.0026490615970553594,0.10253311430573546,0.9689674109165032,False,0.03901989108089687,1,0,0,0,1,0,0,0,0
Antonio Brown,22,Sharna Burgess,Athlete,27,0,9.0,7.898148148148148,1.2288331311441478,9.166666666666666,6.333333333333333,Eliminated Week 9,5,0.04287158269713884,0.03408046959476282,0.003303024117561704,0.10957289110006341,0.9670427296551513,False,0.04287158269713884,1,0,1,0,0,0,0,0,0
Jodie Sweetin,22,Keo Motsepe,Actor/Actress,34,0,8.0,7.958333333333334,1.1564175661505611,10.0,6.666666666666667,Eliminated Week 8,6,0.02568110103643978,0.021538529904018854,0.0017779921782725462,0.06966588185285454,0.9789155971375425,False,0.02568110103643978,1,1,0,0,0,0,0,0,0
Von Miller,22,Witney Carson,Athlete,27,0,7.0,7.464285714285714,0.7695855408997133,8.666666666666666,6.666666666666667,Eliminated Week 7,7,0.01644588145136631,0.014338487544060948,0.001083223265079874,0.04509785026486168,0.9858641984701009,False,0.01644588145136631,1,0,1,0,0,0,0,0,0
Kim Fields,22,Sasha Farber,Actor/Actress,46,0,7.0,7.428571428571429,0.8325393042503717,8.666666666666666,6.333333333333333,Eliminated Week 7,8,0.015259523803597961,0.013361888559806205,0.0010283255633682848,0.0410235967126394,0.986814297329855,False,0.015259523803597961,1,1,0,0,0,0,0,0,0
Doug Flutie,22,Karina Smirnoff,Athlete,53,0,6.0,6.388888888888889,0.7722022379508469,7.0,5.0,Eliminated Week 6,9,0.01865282269963771,0.014111559783677374,0.001429371924461652,0.045401882734316536,0.9860848053179795,False,0.01865282269963771,1,0,1,0,0,0,0,0,0
Marla Maples,22,Tony Dovolani,TV Personality,52,0,4.0,6.916666666666667,0.1666666666666665,7.0,6.666666666666667,Eliminated Week 4,10,0.014893561520376046,0.011501114094485461,0.0010505780366642328,0.03704287044189816,0.9886296575117651,False,0.014893561520376046,1,0,0,1,0,0,0,0,0
Mischa Barton,22,Artem Chigvintsev,Actor/Actress,30,1,3.0,5.444444444444444,0.5091750772173156,6.0,5.0,Eliminated Week 3,11,0.013387461998457608,0.009935770627180995,0.0012482086660597163,0.032662009930777294,0.9901619777057596,False,0.013387461998457608,1,1,0,0,0,0,0,0,0
Geraldo Rivera,22,Edyta Sliwinska,Journalist,72,0,2.0,4.333333333333333,0.0,4.333333333333333,4.333333333333333,Eliminated Week 2,12,0.018189301669543256,0.012139843084009165,0.001606567128446584,0.03888698473365353,0.9880057650462422,False,0.018189301669543256,1,0,0,0,0,0,0,0,0
Laurie Hernandez,23,Valentin Chmerkovskiy,Athlete,16,0,11.0,9.140148484848488,1.1068378724359706,11.0,7.75,1st Place,1,0.611397667180161,0.14614955715509362,0.4007654726519059,0.8796633342373678,0.8724864863902598,True,0.33575776857686457,2,0,1,0,0,0,0,0,0
James Hinchcliffe,23,Sharna Burgess,Racing Driver,29,1,11.0,9.113625757575758,1.2954212296341563,11.6666,7.25,2nd Place,2,0.27420078002875453,0.10706527935075107,0.08318821386355137,0.43897375588938986,0.9032891001571826,True,0.16719331472111978,2,0,0,0,0,0,0,0,0
Calvin Johnson Jr.,23,Lindsay Arnold,Athlete,30,0,11.0,8.530297727272727,1.1506422614982066,10.0,6.5,3rd Place,3,0.11440155279108385,0.08023174086570757,0.008787589332842901,0.26617262856271445,0.9257272881081895,True,0.08767465213609855,2,0,1,0,0,0,0,0,0
Jana Kramer,23,Gleb Savchenko,Singer/Rapper,32,0,11.0,8.545454545454545,1.3263429443626584,10.0,6.5,Eliminated Week 11,4,0.06666394417881644,0.05155375463584981,0.005181492313737637,0.16742553509486668,0.9509737334790814,False,0.06666394417881644,1,0,0,0,1,0,0,0,0
Terra Jole,23,Sasha Farber,TV Personality,36,0,10.0,8.245833333333334,1.0940442725824082,10.0,6.25,Eliminated Week 10,5,0.03876851551035383,0.03228415112762831,0.002752713510741155,0.10396015514130949,0.9687255189451834,False,0.03876851551035383,1,0,0,1,0,0,0,0,0
Marilu Henner,23,Derek Hough,Actor/Actress,64,0,9.0,7.740740740740741,0.9274408902664748,9.0,6.75,Eliminated Week 9,6,0.028871915284658923,0.023225891941058296,0.002024605110311848,0.07518960724571332,0.9773013054849512,False,0.028871915284658923,1,1,0,0,0,0,0,0,0
Ryan Lochte,23,Cheryl Burke,Athlete,32,0,8.0,7.25,1.0531509787903082,8.666666666666666,6.0,Eliminated Week 8,7,0.025757151692040584,0.020502126582556814,0.0017752452144445723,0.06600923356213406,0.9799097659392302,False,0.025757151692040584,1,0,1,0,0,0,0,0,0
Maureen McCormick,23,Artem Chigvintsev,Actor/Actress,60,0,7.0,7.285714285714286,1.004454365030374,8.25,5.5,Eliminated Week 7,8,0.016449709125354116,0.013696735252573195,0.0012641208833355237,0.044953136520095804,0.9864883305072888,False,0.016449709125354116,1,1,0,0,0,0,0,0,0
Amber Rose,23,Maksim Chmerkoskiy,Model,32,0,6.0,6.875,0.945383520059452,8.0,6.0,Eliminated Week 6,9,0.019775384193122636,0.015273066166937624,0.001481302987640266,0.04902076782302145,0.9849566912824749,False,0.019775384193122636,1,0,0,0,0,1,0,0,0
Vanilla Ice,23,Witney Carson,Singer/Rapper,48,0,4.0,6.541666666666667,0.8122328620674137,7.666666666666667,5.75,Eliminated Week 4,10,0.009047050349591742,0.007843762828372104,0.0005662841157823287,0.025049198927557824,0.9922172829582636,False,0.009047050349591742,1,0,0,0,1,0,0,0,0
Babyface,23,Allison Holker,Singer/Rapper,57,0,4.0,6.5625,0.6574889099191459,7.5,6.0,Eliminated Week 4,11,0.015422340161453066,0.011275860755983209,0.0011811696487924856,0.03641560218836208,0.9888498665956943,False,0.015422340161453066,1,0,0,0,1,0,0,0,0
Rick Perry,23,Emma Slater,Politician,66,0,3.0,5.416666666666667,0.3818813079129866,5.75,5.0,Eliminated Week 3,12,0.010718707433233774,0.008300993098312297,0.0008535166789404309,0.02678078049363266,0.9917673461048522,False,0.010718707433233774,1,0,0,0,0,0,0,0,0
Jake T. Austin,23,Jenna Johnson,Actor/Actress,21,0,2.0,5.75,0.3535533905932738,6.0,5.5,Eliminated Week 2,13,0.008829326429153656,0.007100738702154798,0.0006837820080349063,0.02213828901949031,0.9929493262895372,False,0.008829326429153656,1,1,0,0,0,0,0,0,0
Rashad Jennings,24,Emma Slater,Athlete,32,0,11.0,8.791665,1.0374896251288492,9.91665,7.0,1st Place,1,0.591939639621886,0.13683984466041016,0.40030254919946506,0.8470561975110104,0.8796313787706076,True,0.591939639621886,1,0,1,0,0,0,0,0,0
David Ross,24,Lindsay Arnold,Athlete,40,0,11.0,7.8208325,0.7259635838022074,9.083325,6.75,2nd Place,2,0.30060924208787354,0.10184398491751986,0.11377374539491562,0.4531628859124724,0.9075695050192214,True,0.30060924208787354,1,0,1,0,0,0,0,0,0
Normani,24,Valentin Chmerkovskiy,Singer/Rapper,20,0,11.0,8.970830000000001,1.1463228651746515,10.5,6.75,3rd Place,3,0.10745111829024168,0.07614486898021613,0.008148712847023934,0.24885982493609973,0.9292429196336984,True,0.10745111829024168,1,0,0,0,1,0,0,0,0
Simone Biles,24,Sasha Farber,Athlete,20,0,9.0,8.791666666666666,0.9100137361600648,10.0,7.25,Eliminated Week 9,4,0.05896862951862946,0.04523022068193361,0.004377411429316075,0.14740357384276118,0.9567270255040804,False,0.05896862951862946,1,0,1,0,0,0,0,0,0
Bonner Bolton,24,Sharna Burgess,Athlete,29,0,8.0,7.109375,0.9098604190439636,8.0,5.5,Eliminated Week 8,5,0.05210655169821504,0.03984400841097599,0.003992030062510629,0.13216246292060438,0.9616827061668,False,0.05210655169821504,1,0,1,0,0,0,0,0,0
Nick Viall,24,Peta Murgatroyd,TV Personality,36,0,7.0,7.267857142857143,1.0368938275078166,8.5,6.0,Eliminated Week 7,6,0.02373079123609881,0.019179468596903733,0.0014898106944551445,0.061831105723386987,0.981181460981246,False,0.02373079123609881,1,0,0,1,0,0,0,0,0
Nancy Kerrigan,24,Artem Chigvintsev,Athlete,47,0,7.0,8.125,0.8322910148099242,9.0,7.0,Eliminated Week 7,7,0.02150726930798245,0.018207709322714895,0.0012761193975821827,0.05746670371203989,0.9821178830645211,False,0.02150726930798245,1,0,1,0,0,0,0,0,0
Heather Morris,24,Maksim Chmerkoskiy,Actor/Actress,30,0,6.0,8.208333333333334,0.8278989471346528,9.25,7.0,Eliminated Week 6,8,0.014280578388871548,0.01227103415982425,0.0009145219099710513,0.039659644684333965,0.9878777187672775,False,0.014280578388871548,1,1,0,0,0,0,0,0,0
Erika Jayne,24,Gleb Savchenko,Singer/Rapper,45,0,5.0,7.0,0.7905694150420949,8.0,6.0,Eliminated Week 5,9,0.014945580690657101,0.012000084939788483,0.000991515669096432,0.03838830842864787,0.9881422095527763,False,0.014945580690657101,1,0,0,0,1,0,0,0,0
Mr. T,24,Kym Herjavec,Actor/Actress,64,0,4.0,5.875,0.8539125638299665,7.0,5.0,Eliminated Week 4,10,0.014937109512633958,0.011559768489757916,0.0010465809383624293,0.03794137031595038,0.988572332698624,False,0.014937109512633958,1,1,0,0,0,0,0,0,0
Charo,24,Keo Motsepe,Actor/Actress,66,1,3.0,5.833333333333333,0.5204164998665333,6.25,5.25,Eliminated Week 3,11,0.013396281229368645,0.010407053424399173,0.0009232123756555821,0.03307088570550178,0.9897001377918648,False,0.013396281229368645,1,1,0,0,0,0,0,0,0
Chris Kattan,24,Witney Carson,Comedian,46,0,2.0,4.875,0.8838834764831844,5.5,4.25,Eliminated Week 2,12,0.01336098375928694,0.009808618058969433,0.0009662928762495986,0.03141889381801001,0.990286656418299,False,0.01336098375928694,1,0,0,0,0,0,1,0,0
Jordan Fisher,25,Lindsay Arnold,Actor/Actress,23,0,11.0,9.175,0.964213041875838,10.0,7.333333333333333,1st Place,1,0.6081112717322156,0.14278177306522932,0.400618677842129,0.8712231156905199,0.8750577088027466,True,0.6081112717322156,1,1,0,0,0,0,0,0,0
Lindsey Stirling,25,Mark Ballas,Musician,31,0,11.0,8.883333333333335,0.919775871786702,10.0,7.333333333333333,2nd Place,2,0.27796138175660406,0.10470909854328375,0.0929948295160552,0.434776489791502,0.9052156819552246,True,0.27796138175660406,1,0,0,0,0,0,0,0,0
Frankie Muniz,25,Witney Carson,Actor/Actress,31,0,11.0,8.380550833333334,1.2055518498051725,10.0,6.333333333333333,3rd Place,3,0.1139273465111809,0.0810235160888195,0.008291038137925923,0.2670454329542262,0.925049256669304,True,0.1139273465111809,1,1,0,0,0,0,0,0,0
Drew Scott,25,Emma Slater,TV Personality,39,1,10.0,7.8375,1.1948400507656165,9.5,5.333333333333333,Eliminated Week 10,4,0.06467600383230136,0.04944268337177224,0.0043309865150912485,0.1609961368474757,0.9528867234436119,False,0.06467600383230136,1,0,0,1,0,0,0,0,0
Victoria Arlen,25,Valentin Chmerkovskiy,Athlete,22,0,9.0,8.175925925925926,1.088484902383147,9.5,6.333333333333333,Eliminated Week 9,5,0.03825323479554037,0.03136021886291708,0.0024767086943528905,0.10043213162465281,0.9695933406298218,False,0.03825323479554037,1,0,1,0,0,0,0,0,0
Terrell Owens,25,Cheryl Burke,Athlete,43,0,8.0,7.59375,1.3565226757563875,9.25,5.0,Eliminated Week 8,6,0.030209579796282103,0.024440174149509757,0.0020494471140196004,0.07942478785455369,0.9761428975881389,False,0.030209579796282103,1,0,1,0,0,0,0,0,0
Vanessa Lachey,25,Maksim Chmerkoskiy,TV Personality,36,1,7.0,8.071428571428571,0.7191632409931469,9.0,7.0,Eliminated Week 7,7,0.015938687319084842,0.01354826779559416,0.0009167966575039628,0.0423273330603695,0.9866328341470496,False,0.015938687319084842,1,0,0,1,0,0,0,0,0
Nikki Bella,25,Artem Chigvintsev,Athlete,33,0,7.0,7.738095238095239,1.044638617546681,9.0,6.5,Eliminated Week 7,8,0.019987404039246655,0.01629619168081367,0.0016423617776745937,0.051659103310471646,0.9839651158646358,False,0.019987404039246655,1,0,1,0,0,0,0,0,0
Nick Lachey,25,Peta Murgatroyd,Singer/Rapper,43,0,6.0,6.75,0.5552777082985894,7.333333333333333,6.0,Eliminated Week 6,9,0.02180766789802677,0.01570253537373094,0.001897308987278793,0.05205093867146148,0.9845402223319712,False,0.02180766789802677,1,0,0,0,1,0,0,0,0
Sasha Pieterse,25,Gleb Savchenko,Actor/Actress,21,1,5.0,7.166666666666666,0.9428090415820636,8.0,6.0,Eliminated Week 5,10,0.013380236237010484,0.010795591731714776,0.0008788607450757793,0.034928174658934066,0.9893197083366583,False,0.013380236237010484,1,1,0,0,0,0,0,0,0
Derek Fisher,25,Sharna Burgess,Athlete,43,0,4.0,6.75,0.7391185942027819,7.666666666666667,6.0,Eliminated Week 4,11,0.010264455654841019,0.008487380351196276,0.0007435359457360194,0.02744654173681898,0.9915840490257394,False,0.010264455654841019,1,0,1,0,0,0,0,0,0
Debbie Gibson,25,Alan Bersten,Singer/Rapper,47,0,2.0,6.25,0.8249579113843051,6.833333333333333,5.666666666666667,Eliminated Week 2,12,0.007141841200821876,0.0060954686795266005,0.0004210163360976144,0.01932486828233562,0.993941460955463,False,0.007141841200821876,1,0,0,0,1,0,0,0,0
Barbara Corcoran,25,Keo Motsepe,Entrepreneur,68,0,2.0,5.166666666666667,0.7071067811865476,5.666666666666667,4.666666666666667,Eliminated Week 2,13,0.010806186428688908,0.00817332422145798,0.0008473219245963598,0.026283919135535738,0.9918929374294152,False,0.010806186428688908,1,0,0,0,0,0,0,0,0
Adam Rippon,26,Jenna Johnson,Athlete,28,0,11.0,9.291666666666666,0.9537935951882998,10.25,8.0,1st Place,1,0.6142401372471727,0.1458442777417059,0.39941179099297414,0.8751228186189242,0.8727189369665972,True,0.6142401372471727,1,0,1,0,0,0,0,0,0
Josh Norman,26,Sharna Burgess,Athlete,30,0,11.0,8.71875,0.90355201842506,9.5,7.875,2nd Place,2,0.2723979207588612,0.10586428850926174,0.08514704626142608,0.4370950225360575,0.9042700902730388,True,0.2723979207588612,1,0,1,0,0,0,0,0,0
Tonya Harding,26,Sasha Farber,Athlete,47,0,11.0,8.5,0.7103728806969124,9.333333333333334,7.666666666666667,3rd Place,3,0.11336194199396642,0.07988059432765691,0.009273925222868996,0.26402622543214677,0.926028308363675,True,0.11336194199396642,1,0,1,0,0,0,0,0,0
Mirai Nagasu,26,Alan Bersten,Athlete,25,0,3.0,8.555555555555555,0.8093779046851923,9.25,7.666666666666667,Eliminated Week 3,4,0.028796208645043776,0.023733595202758334,0.0020219403912259864,0.0765007924661905,0.9768166295274722,False,0.028796208645043776,1,0,1,0,0,0,0,0,0
Chris Mazdzer,26,Witney Carson,Athlete,29,0,3.0,7.833333333333333,0.7216878364870323,8.25,7.0,Eliminated Week 3,5,0.03149192970711557,0.024048817800289005,0.002590154771537632,0.07984747478022382,0.9765159459370821,False,0.03149192970711557,1,0,1,0,0,0,0,0,0
Jennie Finch Daigle,26,Keo Motsepe,Athlete,37,0,3.0,7.375,0.4506939094329986,7.875,7.0,Eliminated Week 3,6,0.03761276103714731,0.027720976135270775,0.0027742697730032393,0.09062281036671072,0.9730267487197594,False,0.03761276103714731,1,0,1,0,0,0,0,0,0
Arike Ogunbowale,26,Gleb Savchenko,Athlete,21,0,2.0,7.708333333333334,1.4731391274719738,8.75,6.666666666666667,Eliminated Week 2,7,0.015600905667070931,0.013400246206111513,0.000876284894531633,0.042005108720609446,0.986776945973441,False,0.015600905667070931,1,0,1,0,0,0,0,0,0
Kareem Abdul-Jabbar,26,Lindsay Arnold,Athlete,71,0,2.0,6.520833333333334,1.2079740845270184,7.375,5.666666666666667,Eliminated Week 2,8,0.020258102497085193,0.01654981278498213,0.0015756389683411153,0.05328219825331654,0.9837196243835394,False,0.020258102497085193,1,0,1,0,0,0,0,0,0
Johnny Damon,26,Emma Slater,Athlete,44,0,1.0,6.0,,6.0,6.0,Eliminated Week 1,9,0.015925985774733368,0.011707208527176443,0.0011696998140267338,0.03800617064855701,0.9884282641968918,False,0.015925985774733368,1,0,1,0,0,0,0,0,0
Jamie Anderson,26,Artem Chigvintsev,Athlete,27,0,1.0,6.333333333333333,,6.333333333333333,6.333333333333333,Eliminated Week 1,10,0.013913812029615003,0.010864590870979891,0.0009875523991646966,0.03517719945409274,0.9892521797982667,False,0.013913812029615003,1,0,1,0,0,0,0,0,0
Bobby Bones,27,Sharna Burgess,Radio Personality,38,0,11.0,7.462962962962964,0.9158245289908076,9.0,6.5,1st Place,1,0.543254330643837,0.13348546208881454,0.3619803574990343,0.8046958335225372,0.8822345177300956,True,0.543254330643837,1,0,0,0,0,0,0,0,1
Milo Manheim,27,Witney Carson,Actor/Actress,17,0,11.0,9.092592592592592,1.0243938285880985,10.0,6.666666666666667,2nd Place,2,0.2619880594391508,0.08361554660841414,0.11005217824577718,0.3903592645591569,0.9228365199538521,True,0.2619880594391508,1,1,0,0,0,0,0,0,0
Evanna Lynch,27,Keo Motsepe,Actor/Actress,27,1,11.0,8.685185185185183,1.3082124265907351,10.0,6.0,3rd Place,3,0.13284185607779572,0.06762903327286729,0.024221928666991206,0.24323700421225547,0.9366549324107951,True,0.13284185607779572,1,1,0,0,0,0,0,0,0
Alexis Ren,27,Alan Bersten,Social Media Personality,21,0,,8.833333333333334,0.7861650943380503,9.666666666666666,7.333333333333333,4th Place,4,0.061915753839216686,0.04831873125472901,0.0047645709947463505,0.1587958887729529,0.9539083583893454,True,0.061915753839216686,1,0,0,0,0,0,0,1,0
Juan Pablo Di Pace,27,Cheryl Burke,Actor/Actress,39,1,8.0,9.125,1.022562917690115,10.0,7.333333333333333,Eliminated Week 8,5,0.02416102361989812,0.02042492196716627,0.0015029786427276928,0.0651155650466035,0.9799839052070669,False,0.02416102361989812,1,1,0,0,0,0,0,0,0
Joe Amabile,27,Jenna Johnson,TV Personality,32,0,8.0,6.25,1.2149857925879115,7.833333333333333,4.666666666666667,Eliminated Week 8,6,0.0362061732198081,0.02726089097464435,0.002950994736725092,0.08951667462122474,0.9734625437275435,False,0.0362061732198081,1,0,0,1,0,0,0,0,0
DeMarcus Ware,27,Lindsay Arnold,Athlete,36,0,7.0,8.238095238095237,0.6074928962939559,8.833333333333334,7.333333333333333,Eliminated Week 7,7,0.016292770388920463,0.01421382155433501,0.0009340970657462901,0.04492882702759453,0.9859853797569514,False,0.016292770388920463,1,0,1,0,0,0,0,0,0
John Schneider,27,Emma Slater,Actor/Actress,58,0,7.0,7.214285714285714,1.0124881604899263,9.0,6.0,Eliminated Week 7,8,0.0160367423817172,0.013645054809405624,0.0013413365252903729,0.04347152742403343,0.9865386263715643,False,0.0160367423817172,1,1,0,0,0,0,0,0,0
Mary Lou Retton,27,Sasha Farber,Athlete,50,0,6.0,7.888888888888889,0.6885303726590961,8.666666666666666,6.666666666666667,Eliminated Week 6,9,0.014895509558530182,0.01201150894570064,0.0008296259905489487,0.03862301759416121,0.9881310549934219,False,0.014895509558530182,1,0,1,0,0,0,0,0,0
Tinashe,27,Brandon Armstrong,Singer/Rapper,25,0,4.0,8.5,0.5773502691896255,9.0,7.666666666666667,Eliminated Week 4,10,0.009534314980428185,0.008326629731154918,0.0006814583400906513,0.0266000626774729,0.991742130490618,False,0.009534314980428185,1,0,0,0,1,0,0,0,0
Nancy McKeon,27,Valentin Chmerkovskiy,Actor/Actress,52,0,3.0,6.888888888888888,0.4194352464039304,7.333333333333333,6.5,Eliminated Week 3,11,0.012457323817512082,0.010030782575059844,0.000867686713209515,0.03205137970567453,0.9900688347839395,False,0.012457323817512082,1,1,0,0,0,0,0,0,0
Danelle Umstead,27,Artem Chigvintsev,Athlete,46,0,2.0,6.083333333333334,0.1178511301977581,6.166666666666667,6.0,Eliminated Week 2,12,0.01303750850913807,0.009536836204563899,0.001006415778743394,0.03154366925824065,0.990553255847089,False,0.01303750850913807,1,0,1,0,0,0,0,0,0
Nikki Glaser,27,Gleb Savchenko,Comedian,34,0,1.0,5.833333333333333,,5.833333333333333,5.833333333333333,Eliminated Week 1,13,0.009275842970557136,0.007175892058298777,0.0006604044440571736,0.023105822513721945,0.9928752344899422,False,0.009275842970557136,1,0,0,0,0,0,1,0,0
Hannah Brown,28,Alan Bersten,TV Personality,24,0,11.0,8.412872727272728,1.0698488991772188,10.333266666666669,6.666666666666667,1st Place,1,0.5214947120643475,0.132835487475922,0.33994100883949585,0.7669594414844239,0.882740707768704,True,0.30152141453573733,2,0,0,1,0,0,0,0,0
Kel Mitchell,28,Witney Carson,Actor/Actress,41,0,11.0,8.28029696969697,1.4871001883198758,9.999933333333331,5.333333333333333,2nd Place,2,0.2675437073139424,0.08229475695512754,0.12584544942961257,0.39797306099823765,0.9239627130906082,True,0.1946845667315944,2,1,0,0,0,0,0,0,0
Ally Brooke,28,Sasha Farber,Singer/Rapper,26,0,11.0,8.56060606060606,1.5134080878613148,10.0,5.333333333333333,3rd Place,3,0.14633856382839255,0.06680884919134059,0.03749450192560636,0.25601689287947715,0.9373750515455671,True,0.19968608098969917,2,0,0,0,1,0,0,0,0
Lauren Alaina,28,Gleb Savchenko,Singer/Rapper,24,0,,7.992424242424241,1.12697637844622,9.5,6.333333333333333,4th Place,4,0.06462301679331779,0.049099496493692954,0.004519076137336555,0.1618065949112397,0.9531984366994801,True,0.06462301679331779,1,0,0,0,1,0,0,0,0
James Van Der Beek,28,Emma Slater,Actor/Actress,42,0,10.0,8.31666,1.2333942929679569,10.6666,6.666666666666667,Eliminated Week 10,5,0.03991845679172982,0.03248739471393594,0.002683283886148447,0.10455912032404656,0.9685348267879464,False,0.03991845679172982,1,1,0,0,0,0,0,0,0
Sean Spicer,28,Lindsay Arnold,Politician,48,0,9.0,5.87037037037037,1.029184472780437,7.0,4.0,Eliminated Week 9,6,0.025798697722897494,0.023311345854309783,0.0014999583501142829,0.0735782735431963,0.9772196937435026,False,0.025798697722897494,1,0,0,0,0,0,0,0,0
Kate Flannery,28,Pasha Pashkov,Actor/Actress,55,0,8.0,7.520825,1.3015093498923254,9.0,5.0,Eliminated Week 8,7,0.028406947310929537,0.025336009084309875,0.001570340843568255,0.08071346216143623,0.9752900426203344,False,0.028406947310929537,1,1,0,0,0,0,0,0,0
Karamo Brown,28,Jenna Johnson,TV Personality,38,0,7.0,6.833333333333333,1.1506841765115543,8.333333333333334,5.333333333333333,Eliminated Week 7,8,0.02123292760366418,0.018732455689181565,0.0014116057991900002,0.0599175325072387,0.9816119967666007,False,0.02123292760366418,1,0,0,1,0,0,0,0,0
Sailor Brinkley-Cook,28,Valentin Chmerkovskiy,Model,21,0,6.0,7.402777777777779,1.186049308824453,9.0,6.0,Eliminated Week 6,9,0.0367235860088017,0.03204784734204397,0.0021052196550971863,0.10066463776796176,0.9689473240755448,False,0.0367235860088017,1,0,0,0,0,1,0,0,0
Lamar Odom,28,Peta Murgatroyd,Athlete,39,0,4.0,4.166666666666666,0.5773502691896257,5.0,3.6666666666666665,Eliminated Week 4,10,0.009033674942300621,0.008592830431653743,0.000472809625281287,0.026497669094989598,0.991480377242047,False,0.009033674942300621,1,0,1,0,0,0,0,0,0
Ray Lewis,28,Cheryl Burke,Athlete,44,0,,5.0,0.0,5.0,5.0,Withdrew,11,,,,,,False,,0,0,1,0,0,0,0,0,0
Mary Wilson,28,Brandon Armstrong,Singer/Rapper,75,0,2.0,5.333333333333334,0.4714045207910319,5.666666666666667,5.0,Eliminated Week 2,12,0.007475978102921872,0.007017073369738159,0.000360175734684702,0.022086693850940087,0.9930318228406424,False,0.007475978102921872,1,0,0,0,1,0,0,0,0
Kaitlyn Bristowe,29,Artem Chigvintsev,TV Personality,35,1,11.0,8.666666666666668,1.1547005383792517,10.0,6.666666666666667,1st Place,1,0.5218076809172525,0.1302436054438276,0.3408378954458485,0.7678461663093074,0.8847650145362396,True,0.30357555073337134,2,0,0,1,0,0,0,0,0
Nev Schulman,29,Jenna Johnson,Producer,35,0,11.0,8.787872727272728,1.249641726595461,10.0,6.666666666666667,2nd Place,2,0.26977709737450895,0.08095260332455263,0.12452932028398915,0.39942370725049753,0.9251099418461303,True,0.19429139982563082,2,0,0,0,0,0,0,0,0
Nelly,29,Daniella Karagach,Singer/Rapper,45,0,11.0,7.6515151515151505,1.4072324009569388,9.5,5.333333333333333,3rd Place,3,0.14609740338180022,0.0657995182415596,0.039540028722597535,0.2556941502714164,0.9382627622593405,True,0.10378454587993116,2,0,0,0,1,0,0,0,0
Justina Machado,29,Sasha Farber,Actor/Actress,48,0,,8.363624242424244,1.215214492735145,10.0,6.333333333333333,4th Place,4,0.0623178183264388,0.04814336483785379,0.003959304521970585,0.1587040483983464,0.9540679582078913,True,0.0623178183264388,1,1,0,0,0,0,0,0,0
Skai Jackson,29,Alan Bersten,Actor/Actress,18,0,10.0,7.849986666666666,1.7185316732319005,9.6666,5.0,Eliminated Week 10,5,0.04322545480600945,0.03581033391050603,0.002759537280141448,0.11388228314330961,0.9654277112921718,False,0.04322545480600945,1,1,0,0,0,0,0,0,0
Johnny Weir,29,Britt Stewart,Athlete,36,0,10.0,8.35,1.5364903088323734,10.0,6.0,Eliminated Week 10,6,0.033294212252797495,0.029107943945903738,0.0019713281343234257,0.09506648154173038,0.9717153636631205,False,0.033294212252797495,1,0,1,0,0,0,0,0,0
AJ McLean,29,Cheryl Burke,Singer/Rapper,42,0,9.0,7.814807407407408,1.1194095668126145,9.0,6.0,Eliminated Week 9,7,0.025076019819192594,0.02098411173034518,0.0016947460311248995,0.0664950825465698,0.9794471711270986,False,0.025076019819192594,1,0,0,0,1,0,0,0,0
Chrishell Stause,29,Gleb Savchenko,Actor/Actress,39,0,8.0,7.125,1.5320646925708528,9.0,4.333333333333333,Eliminated Week 8,8,0.02545631026120425,0.022586980670635626,0.0015650931119421448,0.07176775027983127,0.9779119223131293,False,0.02545631026120425,1,1,0,0,0,0,0,0,0
Jeannie Mai,29,Brandon Armstrong,TV Personality,41,0,,7.285714285714286,1.0079052613579396,8.333333333333334,6.0,Withdrew,9,,,,,,False,,0,0,0,1,0,0,0,0,0
Monica Aldama,29,Valentin Chmerkovskiy,TV Personality,48,0,7.0,7.38095238095238,1.2971274735120224,9.0,5.333333333333333,Eliminated Week 7,10,0.010448731864631909,0.009209131370800603,0.0006486916048850711,0.028877518504620007,0.9908749028476467,False,0.010448731864631909,1,0,0,1,0,0,0,0,0
Veron Davis,29,Peta Murgatroyd,Athlete,36,0,6.0,6.722222222222222,0.7123253522144267,7.333333333333333,5.666666666666667,Eliminated Week 6,11,0.008609955188244041,0.008192306370419788,0.000352684368129291,0.025726484673868517,0.991874262163423,False,0.008609955188244041,1,0,1,0,0,0,0,0,0
Jesse Metcalfe,29,Sharna Burgess,Actor/Actress,41,0,5.0,6.533333333333334,0.3800584750330461,7.0,6.0,Eliminated Week 5,12,0.007848655783492297,0.007546365499636514,0.0004897282656708226,0.0232948503006192,0.9925101556037131,False,0.007848655783492297,1,1,0,0,0,0,0,0,0
Anne Heche,29,Keo Motsepe,Actor/Actress,51,0,4.0,6.0,0.816496580927726,7.0,5.0,Eliminated Week 4,13,0.0077632295637287884,0.007339162221430327,0.000382295302229083,0.022249632503161424,0.9927143086492879,False,0.0077632295637287884,1,1,0,0,0,0,0,0,0
Carole Baskin,29,Pasha Pashkov,TV Personality,59,0,3.0,4.333333333333333,0.8819171036881968,5.333333333333333,3.6666666666666665,Eliminated Week 3,14,0.005161651165377391,0.004768415353062663,0.00026006050787719863,0.014593200558550271,0.9952542145232669,False,0.005161651165377391,1,0,0,1,0,0,0,0,0
Charles Oakley,29,Emma Slater,Athlete,56,0,2.0,4.5,0.7071067811865476,5.0,4.0,Eliminated Week 2,15,0.004626765742195473,0.0044565547426829305,0.00023821645268365274,0.01383756933322962,0.9955632180190963,False,0.004626765742195473,1,0,1,0,0,0,0,0,0
Iman Shumpert,30,Daniella Karagach,Athlete,31,0,11.0,7.933333333333333,1.6692341335452594,10.0,5.25,1st Place,1,0.5160930878230399,0.12611813910550063,0.33797285825669776,0.7535005960195114,0.8880062981618617,True,0.5160930878230399,1,0,1,0,0,0,0,0,0
JoJo Siwa,30,Jenna Johnson,Social Media Personality,18,0,11.0,9.175,1.1306954595390497,10.25,7.25,2nd Place,2,0.27234884418239885,0.08030246244327265,0.13233535627148993,0.4054928637931714,0.9256666857338675,True,0.27234884418239885,1,0,0,0,0,0,0,1,0
Cody Rigsby,30,Cheryl Burke,Fitness Instructor,34,0,11.0,7.9125,1.481424333388498,9.5,6.0,3rd Place,3,0.14760463961142972,0.06585250173995993,0.04103964842791045,0.2550592932907503,0.9382161212433631,True,0.14760463961142972,1,0,0,0,0,0,0,0,0
Amanda Kloots,30,Alan Bersten,TV Personality,39,0,,8.9375,1.0980569960920366,10.5,7.0,4th Place,4,0.06395342838313207,0.05006880803307122,0.0036741486406705673,0.1621330360666601,0.9523185455562125,True,0.06395342838313207,1,0,0,1,0,0,0,0,0
Suni Lee,30,Sasha Farber,Athlete,18,0,9.0,8.430555555555555,1.2233265213252666,10.5,7.0,Eliminated Week 9,5,0.05501271909072914,0.045536034776819403,0.0036826180669004885,0.1435268382582447,0.9564471876031134,False,0.05501271909072914,1,0,1,0,0,0,0,0,0
Melora Hardin,30,Artem Chigvintsev,Actor/Actress,54,0,9.0,8.50462962962963,1.3061095160442078,10.5,6.5,Eliminated Week 9,6,0.032626715227252814,0.02766503533370451,0.0019574257925095567,0.08692403309576947,0.9730797152938836,False,0.032626715227252814,1,1,0,0,0,0,0,0,0
Jimmie Allen,30,Emma Slater,Singer/Rapper,36,0,8.0,7.817708333333334,1.4187550258634145,9.5,5.5,Eliminated Week 8,7,0.014664268238294724,0.013361324369958825,0.000779963785062005,0.0403870368771509,0.9868148467396207,False,0.014664268238294724,1,0,0,0,1,0,0,0,0
Olivia Jade,30,Valentin Chmerkovskiy,Social Media Personality,21,0,8.0,8.40625,1.3688988014354562,10.5,6.25,Eliminated Week 8,8,0.021101065547514335,0.01846899430383623,0.0012105687280486803,0.05921881015161414,0.9818659238453689,False,0.021101065547514335,1,0,0,0,0,0,0,1,0
"Mike ""The Miz"" Mizanin",30,Witney Carson,Athlete,40,0,7.0,7.494047619047619,0.9280943524147354,8.5,6.0,Eliminated Week 7,9,0.011540518685424375,0.010423981553065622,0.0007061683148121828,0.03244061222153091,0.9896835568599199,False,0.011540518685424375,1,0,1,0,0,0,0,0,0
Kenya Moore,30,Brandon Armstrong,TV Personality,50,0,6.0,7.3125,1.0774680969754975,9.0,6.0,Eliminated Week 6,10,0.01034176627650262,0.009380849857741593,0.0005072289269878064,0.029558810832083497,0.9907063326403867,False,0.01034176627650262,1,0,0,1,0,0,0,0,0
Melanie C,30,Gleb Savchenko,Singer/Rapper,47,1,5.0,7.766666666666666,0.8728147315184108,9.0,6.75,Eliminated Week 5,11,0.017882504865421447,0.016507004759184492,0.0008810670020787882,0.05114196650126729,0.9837610516386998,False,0.017882504865421447,1,0,0,0,1,0,0,0,0
Matt James,30,Lindsay Arnold,Athlete,29,0,4.0,6.322916666666667,0.7171631032524377,7.125,5.5,Eliminated Week 4,12,0.006457889438885853,0.005861239549311574,0.0004076686796569849,0.018005517048289222,0.9941729143952919,False,0.006457889438885853,1,0,1,0,0,0,0,0,0
Brian Austin Green,30,Sharna Burgess,Actor/Actress,48,0,4.0,6.145833333333333,0.3359274061791061,6.5,5.75,Eliminated Week 4,13,0.005821595888048289,0.005142675241078002,0.000292245267158262,0.0157869453109696,0.9948836365545374,False,0.005821595888048289,1,1,0,0,0,0,0,0,0
Christine Chiu,30,Pasha Pashkov,TV Personality,38,1,3.0,6.416666666666667,0.5204164998665333,7.0,6.0,Eliminated Week 3,14,0.008103361389124101,0.007764009148271127,0.00047560460727923517,0.02454172653843746,0.9922958062822337,False,0.008103361389124101,1,0,0,1,0,0,0,0,0
Martin Kove,30,Britt Stewart,Actor/Actress,75,0,2.0,3.5,0.3535533905932738,3.75,3.25,Eliminated Week 2,15,0.004353079891514551,0.004069742131651941,0.0002676431404771935,0.012465901067054438,0.9959467535362515,False,0.004353079891514551,1,1,0,0,0,0,0,0,0
Charli D'Amelio,31,Mark Ballas,Social Media Personality,18,0,11.0,9.475,1.1146125385581804,11.25,8.0,1st Place,1,0.5228468540078309,0.12989373657248648,0.34529029632188535,0.764823719303257,0.8850389798898106,True,0.5228468540078309,1,0,0,0,0,0,0,1,0
Gabby Windey,31,Valentin Chmerkovskiy,TV Personality,31,0,11.0,9.0625,1.0627042287380708,10.25,7.0,2nd Place,2,0.2680756734138166,0.07870573891006429,0.13116300962673683,0.38954691384706625,0.9270368775551436,True,0.2680756734138166,1,0,0,1,0,0,0,0,0
Wayne Brady,31,Witney Carson,Comedian,50,0,11.0,9.0625,1.1535723499922608,11.25,7.25,3rd Place,3,0.14579726184037234,0.06525161588311269,0.03672762396871709,0.2528719876922226,0.9387453490703997,True,0.14579726184037234,1,0,0,0,0,0,1,0,0
Shangela,31,Gleb Savchenko,TV Personality,40,0,,8.6375,1.1952597346741558,10.5,7.0,4th Place,4,0.06328021073797978,0.048715987224322466,0.003585979681944044,0.15882672680283072,0.9535470157623316,True,0.06328021073797978,1,0,0,1,0,0,0,0,0
Daniel Durant,31,Britt Stewart,Actor/Actress,32,0,9.0,8.152777777777779,0.9778359752251112,9.75,6.75,Eliminated Week 9,5,0.0339218809693539,0.029022309714368946,0.0019095938772755556,0.09306438474111468,0.9717962288665785,False,0.0339218809693539,1,1,0,0,0,0,0,0,0
Trevor Donovan,31,Emma Slater,Actor/Actress,39,0,9.0,7.958333333333333,1.489546910976623,9.75,5.25,Eliminated Week 9,6,0.027263259245433744,0.02307598118838208,0.0017924715580723562,0.07290050286347818,0.9774445088999377,False,0.027263259245433744,1,1,0,0,0,0,0,0,0
Vinny Guadagnino,31,Koko Iwasaki,TV Personality,34,0,8.0,6.734375,1.199772113778279,7.875,4.25,Eliminated Week 8,7,0.01566532451620416,0.014178785888441455,0.0009373857794502564,0.04528462438463774,0.9860194414577302,False,0.01566532451620416,1,0,0,1,0,0,0,0,0
Heidi D'Amelio,31,Artem Chigvintsev,Social Media Personality,50,0,8.0,8.21875,1.1984923564927017,9.75,6.0,Eliminated Week 8,8,0.018172094385566016,0.015856050146370277,0.0010478143566293484,0.050347081599422985,0.9843914399642689,False,0.018172094385566016,1,0,0,0,0,0,0,1,0
Jordin Sparks,31,Brandon Armstrong,Singer/Rapper,32,0,7.0,7.857142857142857,0.9906557472320088,8.875,6.5,Eliminated Week 7,9,0.014001695249502876,0.012389667611610339,0.0007258176929258673,0.038446315176974104,0.9877619576651354,False,0.014001695249502876,1,0,0,0,1,0,0,0,0
Jessie James Decker,31,Alan Bersten,Singer/Rapper,34,1,6.0,7.083333333333333,1.4375905768565216,9.0,5.0,Eliminated Week 6,10,0.01150788049708122,0.010498393650146843,0.0005780090140607121,0.0322916980132926,0.9896106775467259,False,0.01150788049708122,1,0,0,0,1,0,0,0,0
Joseph Baena,31,Daniella Karagach,Actor/Actress,24,0,5.0,6.95,1.1911129249571597,8.75,5.75,Eliminated Week 5,11,0.008254469902441604,0.007289604027952051,0.0005364158225589575,0.02256617729871914,0.9927631497448178,False,0.008254469902441604,1,1,0,0,0,0,0,0,0
Selma Blair,31,Sasha Farber,Actor/Actress,50,0,,7.8,1.3038404810405295,10.0,7.0,Withdrew,12,,,,,,False,,0,1,0,0,0,0,0,0,0
Sam Champion,31,Cheryl Burke,News Anchor,61,0,4.0,6.0,0.67700320038633,6.5,5.0,Eliminated Week 4,13,0.006235677446439114,0.005616816079971672,0.0004129619589532457,0.017240372608853822,0.9944145563298487,False,0.006235677446439114,1,0,0,0,0,0,0,0,0
Cheryl Ladd,31,Louis van Amstel,Actor/Actress,71,0,3.0,5.5,0.4330127018922193,6.0,5.25,Eliminated Week 3,14,0.005321305549667048,0.00493099004281486,0.0003054882114303023,0.015289225924725416,0.9950932053129291,False,0.005321305549667048,1,1,0,0,0,0,0,0,0
Teresa Giudice,31,Pasha Pashkov,TV Personality,50,0,2.0,5.375,0.5303300858899106,5.75,5.0,Eliminated Week 2,15,0.004764921644061262,0.004453021249552552,0.0002733985031265243,0.014076027624244867,0.9955667202394265,False,0.004764921644061262,1,0,0,1,0,0,0,0,0
Jason Lewis,31,Peta Murgatroyd,Actor/Actress,51,0,1.0,4.5,,4.5,4.5,Eliminated Week 1,16,0.004417562224367482,0.0040938105546742135,0.00022180638097000878,0.012312818674103256,0.9959228804005746,False,0.004417562224367482,1,1,0,0,0,0,0,0,0
Xochitl Gomez,32,Valentin Chmerkovskiy,Actor/Actress,17,0,11.0,9.121212121212125,1.335084077857831,10.5,6.0,1st Place,1,0.4581691646321978,0.1284274062031025,0.2940858591859092,0.7187533129233424,0.8861890401658791,True,0.330545660061082,2,1,0,0,0,0,0,0,0
Jason Mraz,32,Daniella Karagach,Singer/Rapper,46,0,11.0,8.886363636363637,1.0744977685158097,10.75,7.0,2nd Place,2,0.2490867445391088,0.06496136605539958,0.12723474969284213,0.3476245746769056,0.9390011993617989,True,0.1742559652865056,2,0,0,0,1,0,0,0,0
Ariana Madix,32,Pasha Pashkov,TV Personality,38,0,11.0,8.840909090909092,1.2624131133218113,10.5,6.666666666666667,3rd Place,3,0.15983489523540154,0.05457227811597047,0.06794607283510452,0.24587056390113862,0.9482517422006713,True,0.10422547650928998,2,0,0,1,0,0,0,0,0
Charity Lawson,32,Artem Chigvintsev,TV Personality,27,0,,8.825757575757576,1.049109771726159,9.833333333333334,7.0,4th Place,4,0.0916698857931703,0.04690658508652503,0.023501879471234367,0.17331833825466306,0.9551950615702275,True,0.0916698857931703,1,0,0,1,0,0,0,0,0
Alyson Hannigan,32,Sasha Farber,Actor/Actress,49,0,,7.318181818181817,1.505922650836699,9.0,4.333333333333333,5th Place,5,0.04123930980012244,0.033041141983028564,0.002640968367173835,0.10602441889407191,0.9680156572277434,True,0.04123930980012244,1,1,0,0,0,0,0,0,0
Harry Jowsey,32,Rylee Arnold,TV Personality,26,1,9.0,6.416666666666667,1.286953767623375,8.0,4.0,Eliminated Week 9,6,0.028177196642169694,0.02418343064824586,0.0018480291713037643,0.07650763041169872,0.9763875982323409,False,0.028177196642169694,1,0,0,1,0,0,0,0,0
Barry Williams,32,Peta Murgatroyd,Actor/Actress,68,0,8.0,6.932291666666666,1.445768576153753,8.75,5.0,Eliminated Week 8,7,0.02996184244693398,0.025830196514036643,0.0018257155636391825,0.08359588748732456,0.9748202026009641,False,0.02996184244693398,1,1,0,0,0,0,0,0,0
Lele Pons,32,Brandon Armstrong,Social Media Personality,27,1,7.0,7.684523809523809,1.1486347428520405,9.25,6.333333333333333,Eliminated Week 7,8,0.043819019946904826,0.03867479874281886,0.0026204990870742576,0.11937657614448302,0.9627652478045778,False,0.043819019946904826,1,0,0,0,0,0,0,1,0
Mauricio Umansky,32,Emma Slater,TV Personality,53,1,6.0,6.222222222222221,1.6697194264195894,8.25,4.0,Eliminated Week 6,9,0.018900854635427487,0.0167266973045728,0.0010846533271564214,0.053750300350137205,0.9835484822529824,False,0.018900854635427487,1,0,0,1,0,0,0,0,0
Mira Sorvino,32,Gleb Savchenko,Actor/Actress,55,0,5.0,6.5,0.6871842709362765,7.333333333333333,5.666666666666667,Eliminated Week 5,10,0.011995845887711321,0.011006548379307023,0.0006765369150253861,0.035722708106796404,0.9891132768655644,False,0.011995845887711321,1,1,0,0,0,0,0,0,0
Adrian Peterson,32,Britt Stewart,Athlete,38,0,4.0,5.875,0.8539125638299665,7.0,5.0,Eliminated Week 4,11,0.01300462097251253,0.011740519052049201,0.0007418353765941915,0.03695897007556182,0.9883957212042377,False,0.01300462097251253,1,0,1,0,0,0,0,0,0
Tyson Beckford,32,Jenna Johnson,Model,52,0,3.0,5.0,1.0,6.0,4.0,Eliminated Week 3,12,0.007290928865937992,0.006817920572594519,0.00034871143740116816,0.021574306790426684,0.9932282486899746,False,0.007290928865937992,1,0,0,0,0,1,0,0,0
Jamie Lynn Spears,32,Alan Bersten,Actor/Actress,32,0,2.0,5.166666666666666,0.2357022603955156,5.333333333333333,5.0,Eliminated Week 2,13,0.008990192507477032,0.008236437287668805,0.0004517497015104781,0.026139339285004393,0.9918308474252068,False,0.008990192507477032,1,1,0,0,0,0,0,0,0
Matt Walsh,32,Koko Iwasaki,Comedian,58,0,1.0,4.0,,4.0,4.0,Eliminated Week 1,14,0.005758578514900214,0.005504780063746338,0.0003034778947969478,0.016717288486618034,0.9945253566438566,False,0.005758578514900214,1,0,0,0,0,0,1,0,0
Joey Graziadei,33,Jenna Johnson,TV Personality,29,0,11.0,8.898148148148147,1.1620278146306604,10.666666666666666,7.0,1st Place,1,0.4555488398863643,0.11419105033583697,0.29581102424735223,0.6665353028922825,0.8975121454247745,True,0.4555488398863643,1,0,0,1,0,0,0,0,0
Ilona Maher,33,Alan Bersten,Athlete,28,0,11.0,8.037037037037036,1.1925048852036486,9.5,6.0,2nd Place,2,0.257749045853121,0.06331345690013536,0.15673163123566775,0.36740624322170606,0.9404564510217783,True,0.257749045853121,1,0,1,0,0,0,0,0,0
Chandler Kinney,33,Brandon Armstrong,Actor/Actress,24,0,11.0,9.069444444444445,1.0663736576724772,10.666666666666666,7.666666666666667,3rd Place,3,0.1551968313073273,0.05388639442395705,0.06476412409911315,0.24251357702731563,0.9488688774149979,True,0.1551968313073273,1,1,0,0,0,0,0,0,0
Stephen Nedoroscik,33,Rylee Arnold,Athlete,26,0,,8.37037037037037,0.94658662285493,9.833333333333334,7.0,4th Place,4,0.09172675943039284,0.04589227401589582,0.022886771802710863,0.17331873291577957,0.9561214140729006,True,0.09172675943039284,1,0,1,0,0,0,0,0,0
Danny Amendola,33,Witney Carson,Athlete,39,0,,8.314814814814815,1.0118892000048323,9.333333333333334,6.666666666666667,5th Place,5,0.039778523522793596,0.032985392216059325,0.002800267259661404,0.106314833362489,0.9680679006067107,True,0.039778523522793596,1,0,1,0,0,0,0,0,0
Dwight Howard ,33,Daniella Karagach,Athlete,38,0,7.0,7.821428571428571,1.2194683983618333,10.333333333333334,6.5,Eliminated Week 7,6,0.027049736036552228,0.023767868268486828,0.0015603550863670333,0.07507158941556344,0.9767839282661941,False,0.027049736036552228,1,0,1,0,0,0,0,0,0
Jenn Tran,33,Sasha Farber,TV Personality,26,0,6.0,7.875,1.4979152178945243,10.333333333333334,6.333333333333333,Eliminated Week 6,7,0.03630321027924151,0.031089421859665033,0.002164480786090613,0.09792154226831201,0.9698479867986692,False,0.03630321027924151,1,0,0,1,0,0,0,0,0
Phaedra Parks,33,Val Chmerkovskiy,TV Personality,51,0,5.0,7.266666666666666,0.7226494462892934,8.0,6.333333333333333,Eliminated Week 5,8,0.014994584452284174,0.013432154813740304,0.0008165994830731871,0.04280794112519032,0.9867458766233749,False,0.014994584452284174,1,0,0,1,0,0,0,0,0
Brooks Nader,33,Gleb Savchenko,Model,27,0,4.0,7.072916666666667,0.9092980351164665,8.0,6.0,Eliminated Week 4,9,0.020087125521846206,0.017277032176352604,0.0011501902485906643,0.05642943541476443,0.9830163941287553,False,0.020087125521846206,1,0,0,0,0,1,0,0,0
Eric Roberts,33,Britt Stewart,Actor/Actress,68,0,3.0,5.25,0.4330127018922193,5.75,5.0,Eliminated Week 3,10,0.009394450173375582,0.008670560890474537,0.0004610497425820016,0.02652468241910919,0.9914039714980678,False,0.009394450173375582,1,1,0,0,0,0,0,0,0
Reginald VelJohnson,33,Emma Slater,Actor/Actress,74,0,3.0,5.194444444444444,0.1734721666221776,5.333333333333333,5.0,Eliminated Week 3,10,0.007974903702629255,0.007265924031529771,0.0004154399064596684,0.02198124082985922,0.9927864887929015,False,0.007974903702629255,1,1,0,0,0,0,0,0,0
Tori Spelling,33,Pasha Pashkov,Actor/Actress,51,0,2.0,6.0,0.4714045207910312,6.333333333333333,5.666666666666667,Eliminated Week 2,12,0.008759714834496626,0.007906855894181034,0.0005540049075535965,0.024992344761721283,0.9921551720300916,False,0.008759714834496626,1,1,0,0,0,0,0,0,0
Anna Delvey,33,Ezra Sosa,Con artist,33,1,2.0,5.833333333333334,0.2357022603955156,6.0,5.666666666666667,Eliminated Week 2,12,0.007040377016755934,0.006576973102127799,0.00046483726792991736,0.019919026675966817,0.9934660008346321,False,0.007040377016755934,1,0,0,0,0,0,0,0,0
Robert Irwin,34,Witney Carson (Xoshitl Gomez week 9),Conservationist,22,1,11.0,8.838381818181817,1.2611715555487495,10.5,7.333333333333333,1st Place,1,0.45436711754933384,0.1179823879326925,0.29304161997866685,0.6834727241908812,0.8944684735589989,True,0.2615306971880555,2,0,0,0,0,0,0,0,0
Alix Earle,34,Val Chmerkovskiy (Joey Graziadei week 9),Social media personality,24,0,11.0,8.791666666666668,1.3628248848134037,10.75,6.5,2nd Place,2,0.25853409989389936,0.06579701882809334,0.14619223714075924,0.36854646961996596,0.9382649625906806,True,0.22726816797771068,2,0,0,0,0,0,0,0,0
Jordan Chiles,34,Ezra Sosa (Apolo Anton Ohno week 9),Athlete,24,0,11.0,8.588381818181817,1.5129982460416973,9.888866666666669,5.0,3rd Place,3,0.15714614103140997,0.05527155126912044,0.06472006725950419,0.24394146126859625,0.9476233854663776,True,0.12918316435632277,2,0,1,0,0,0,0,0,0
Dylan Efron,34,Daniella Karagach (Rumer Willis week 9),TV Personality,33,0,,8.404036363636363,1.596112392690756,10.5,5.0,4th Place,4,0.0891597771889595,0.045985116434945725,0.021762864470038813,0.1689275589707531,0.9560365480230945,True,0.0891597771889595,1,0,0,1,0,0,0,0,0
Elaine Hendrix,34,Alan Bersten (Rashad Jennings week 9),Actor/Actress,55,0,,8.1856,1.2161109982234353,9.6666,6.0,5th Place,5,0.04079286433639746,0.03482368047965617,0.002335059176385745,0.11107917185415538,0.9663481990830409,True,0.04079286433639746,1,1,0,0,0,0,0,0,0
Whitney Leavitt,34,Mark Ballas,TV Personality,32,0,10.0,8.970833333333335,1.2155832949302898,10.5,7.333333333333333,Eliminated Week 10,6,0.05779598967943285,0.04742170680911431,0.0035315186271657447,0.15141610805171382,0.9547252968877448,False,0.05779598967943285,1,0,0,1,0,0,0,0,0
Andy Richter,34,Emma Slater/Kaitlyn Bristowe (week 9),Comedian,59,0,9.0,6.398148148148148,1.1834930773762602,8.5,4.5,Eliminated Week 9,7,0.02242075968555035,0.018658420202402878,0.0013627945608549214,0.05942031363747697,0.9816833397414065,False,0.02242075968555035,1,0,0,0,0,0,1,0,0
Danielle Fishel,34,Pasha Pashkov,Actor/Actress,44,0,8.0,7.572916666666666,1.2539125276446228,9.25,6.0,Eliminated Week 8,8,0.018326326887577384,0.015914859100866197,0.0009851809853042045,0.05053883627985395,0.9843344558273794,False,0.018326326887577384,1,1,0,0,0,0,0,0,0
Jen Affleck,34,Jan Ravnik,TV Personality,26,0,7.0,7.297619047619047,0.884351016043245,8.5,6.0,Eliminated Week 7,9,0.016296243239345656,0.014182177881251994,0.000973151362397514,0.043999550389126,0.9860161436568721,False,0.016296243239345656,1,0,0,1,0,0,0,0,0
Scott Hoying,34,Rylee Arnold,Singer/Rapper,34,0,6.0,6.638888888888888,0.9569434365419623,7.5,5.0,Eliminated Week 6,10,0.011597563594148663,0.010613133948321097,0.0007473280116726955,0.03339903513340651,0.9894983217694222,False,0.011597563594148663,1,0,0,0,1,0,0,0,0
Hilaria Baldwin,34,Gleb Savchenko,Entrepreneur,41,0,4.0,7.25,0.3191423692521128,7.666666666666667,7.0,Eliminated Week 4,11,0.018962258713470254,0.017305566987054027,0.000985689165932383,0.053956404202609776,0.9829888211087767,False,0.018962258713470254,1,0,0,0,0,0,0,0,0
Lauren Jauregui,34,Brandon Armstrong,Singer/Rapper,29,0,3.0,6.5,0.5,7.0,6.0,Eliminated Week 3,12,0.007361659411111916,0.006655570423733411,0.0003995279727084112,0.020602766619706475,0.9933884333238906,False,0.007361659411111916,1,0,0,0,1,0,0,0,0
Corey Feldman,34,Jenna Johnson,Actor/Actress,54,0,2.0,4.75,0.3535533905932738,5.0,4.5,Eliminated Week 2,13,0.0053639078944104635,0.0048112898936452635,0.0003050027702100595,0.015362122838393345,0.9952117477758888,False,0.0053639078944104635,1,1,0,0,0,0,0,0,0
Baron Davis,34,Britt Stewart,Athlete,46,0,2.0,5.5,0.7071067811865476,6.0,5.0,Eliminated Week 2,13,0.006324000570942425,0.0059344752163575905,0.0003243721848829398,0.018142966868880787,0.9941005350124011,False,0.006324000570942425,1,0,1,0,0,0,0,0,0
