模型,测试集R²,测试集RMSE,CV_R²均值
评委得分,0.2309262651562155,1.1691644161308665,0.17690458795487704
粉丝投票,-0.13683738777751575,0.20251649515672346,-0.14858542714381778
最终排名,-0.015273178614535254,3.5944692687703608,17.86968255427508
