Model,R_squared,Adj_R_squared,F_statistic,F_pvalue,N
Judge Score,0.4342997211266749,0.42331524969224144,39.53760758713039,1.3502609877243943e-46,421.0
Fan Vote,0.018250541040694346,-0.0008125552497775246,0.9573754841607911,0.46902025534189973,421.0
