,Judge_Raw,Fan_Votes,Judge_Share,Fan_Share,GNS_Raw,GNS_Index,GNS_Rank,Arith_Raw,Arith_Index,Arith_Rank,Judge_Rank,Fan_Rank
Jennifer Grey,30.0,0.25,0.2777777777777778,0.25,0.2663143098650507,27.04623971492335,1,0.2638888888888889,26.38888888888889,2,1,2
Kyle Massey,21.0,0.35,0.19444444444444445,0.35,0.2459826870332708,24.981409082350968,2,0.2722222222222222,27.22222222222222,1,4,1
Bristol Palin,29.0,0.2,0.26851851851851855,0.2,0.23866929140185017,24.238678241196745,3,0.23425925925925928,23.425925925925927,3,2,3
Brandy,28.0,0.2,0.25925925925925924,0.2,0.2336966913675935,23.733672961528928,4,0.22962962962962963,22.962962962962962,4,3,3
