,Judge_Raw,Fan_Votes,Judge_Share,Fan_Share,GNS_Raw,GNS_Index,GNS_Rank,Arith_Raw,Arith_Index,Arith_Rank,Judge_Rank,Fan_Rank
Bobby Bones,24.0,0.45,0.21818181818181817,0.45,0.2914581067177792,30.047602360977972,1,0.3340909090909091,33.409090909090914,1,4,1
Milo Manheim,30.0,0.2,0.2727272727272727,0.2,0.24090684500804835,24.836067064172767,2,0.23636363636363636,23.636363636363637,2,1,2
Evanna Lynch,29.0,0.2,0.2636363636363636,0.2,0.23605607731121014,24.335981681263153,3,0.2318181818181818,23.18181818181818,3,2,2
Alexis Ren,27.0,0.15,0.24545454545454545,0.15,0.20156686955246245,20.78034889358612,4,0.19772727272727272,19.772727272727273,4,3,4
