,Judge_Raw,Fan_Votes,Judge_Share,Fan_Share,GNS_Raw,GNS_Index,GNS_Rank,Arith_Raw,Arith_Index,Arith_Rank,Judge_Rank,Fan_Rank
Drew Lachey,22.0,0.4,0.20952380952380953,0.4,0.2713713690144424,27.77361453980468,1,0.3047619047619048,30.476190476190478,1,4,1
Jerry Rice,29.0,0.25,0.2761904761904762,0.25,0.26540018592164116,27.162491346638213,2,0.2630952380952381,26.30952380952381,2,1,2
Stacy Keibler,28.0,0.2,0.26666666666666666,0.2,0.23768032772880043,24.325491042066542,3,0.23333333333333334,23.333333333333332,3,2,3
Lisa Rinna,26.0,0.15,0.24761904761904763,0.15,0.20263148768836084,20.738403071490563,4,0.19880952380952382,19.880952380952383,4,3,4
